	,code_doc,il08_09,vg04_05,fd03_04,la09_10,cg13_14,ja05_06,fj11_12,ec20_11,mb00_12
1,119_8_100_0,-1,-1,-1,-1.0,-1.0,-1.0,-1.0,-1.0,-1
2,119_8_110_0,-1,-1,-1,-1.0,-1.0,-1.0,-1.0,-1.0,-1
3,119_8_111_0,-1,-1,-1,-1.0,-1.0,-1.0,-1.0,-1.0,-1
4,119_8_101_0,-1,-1,-1,-1.0,-1.0,-1.0,-1.0,-1.0,-1
5,119_8_001_0,-1,-1,-1,-1.0,-1.0,-1.0,-1.0,-1.0,-1
6,57_6_100_1,-1,-1,-1,-1.0,-1.0,-1.0,100.0,-1.0,76
7,57_6_110_1,100,100,-1,-1.0,-1.0,-1.0,-1.0,-1.0,-1
8,57_6_111_1,-1,-1,-1,88.0,-1.0,-1.0,-1.0,-1.0,-1
9,57_6_101_1,-1,-1,-1,-1.0,87.0,-1.0,-1.0,-1.0,-1
10,57_6_001_1,-1,-1,77,-1.0,-1.0,100.0,-1.0,100.0,-1
11,169_13_100_0,-1,-1,-1,-1.0,-1.0,-1.0,-1.0,-1.0,-1
12,169_13_110_0,-1,-1,-1,-1.0,-1.0,-1.0,-1.0,-1.0,-1
13,169_13_111_0,-1,-1,-1,-1.0,-1.0,-1.0,-1.0,-1.0,-1
14,169_13_101_0,-1,-1,-1,-1.0,-1.0,-1.0,-1.0,-1.0,-1
15,169_13_001_0,-1,-1,-1,-1.0,-1.0,-1.0,-1.0,-1.0,-1
16,160_9_100_0,-1,-1,-1,-1.0,-1.0,-1.0,-1.0,-1.0,-1
17,160_9_110_0,-1,-1,-1,-1.0,-1.0,-1.0,-1.0,-1.0,-1
18,160_9_111_0,-1,-1,-1,-1.0,-1.0,-1.0,-1.0,-1.0,-1
19,160_9_101_0,-1,-1,-1,-1.0,-1.0,-1.0,-1.0,-1.0,-1
20,160_9_001_0,-1,-1,-1,-1.0,-1.0,-1.0,-1.0,-1.0,-1
21,127_9_100_0,-1,-1,-1,-1.0,-1.0,-1.0,-1.0,-1.0,-1
22,127_9_110_0,-1,-1,-1,-1.0,-1.0,-1.0,-1.0,-1.0,-1
23,127_9_111_0,-1,-1,-1,-1.0,-1.0,-1.0,-1.0,-1.0,-1
24,127_9_101_0,-1,-1,-1,-1.0,-1.0,-1.0,-1.0,-1.0,-1
25,127_9_001_0,-1,-1,-1,-1.0,-1.0,-1.0,-1.0,-1.0,-1
26,96_6_100_0,-1,-1,-1,-1.0,-1.0,-1.0,-1.0,-1.0,-1
27,96_6_110_0,-1,-1,-1,-1.0,-1.0,-1.0,-1.0,-1.0,-1
28,96_6_111_0,-1,-1,-1,-1.0,-1.0,-1.0,-1.0,-1.0,-1
29,96_6_101_0,-1,-1,-1,-1.0,-1.0,-1.0,-1.0,-1.0,-1
30,96_6_001_0,-1,-1,-1,-1.0,-1.0,-1.0,-1.0,-1.0,-1
31,260_2_100_0,-1,-1,-1,-1.0,-1.0,-1.0,-1.0,-1.0,-1
32,260_2_110_0,-1,-1,-1,-1.0,-1.0,-1.0,-1.0,-1.0,-1
33,260_2_111_0,-1,-1,-1,-1.0,-1.0,-1.0,-1.0,-1.0,-1
34,260_2_101_0,-1,-1,-1,-1.0,-1.0,-1.0,-1.0,-1.0,-1
35,260_2_001_0,-1,-1,-1,-1.0,-1.0,-1.0,-1.0,-1.0,-1
36,88_11_100_1,-1,-1,-1,-1.0,-1.0,-1.0,-1.0,75.0,-1
37,88_11_110_1,-1,-1,-1,87.0,-1.0,-1.0,92.0,-1.0,56
38,88_11_111_1,-1,-1,-1,-1.0,48.0,79.0,-1.0,-1.0,-1
39,88_11_101_1,-1,-1,34,-1.0,-1.0,-1.0,-1.0,-1.0,-1
40,88_11_001_1,63,88,-1,-1.0,-1.0,-1.0,-1.0,-1.0,-1
41,154_1_100_0,-1,-1,-1,-1.0,-1.0,-1.0,-1.0,-1.0,-1
42,154_1_110_0,-1,-1,-1,-1.0,-1.0,-1.0,-1.0,-1.0,-1
43,154_1_111_0,-1,-1,-1,-1.0,-1.0,-1.0,-1.0,-1.0,-1
44,154_1_101_0,-1,-1,-1,-1.0,-1.0,-1.0,-1.0,-1.0,-1
45,154_1_001_0,-1,-1,-1,-1.0,-1.0,-1.0,-1.0,-1.0,-1
46,51_5_100_1,-1,-1,-1,-1.0,-1.0,76.0,-1.0,-1.0,-1
47,51_5_110_1,-1,-1,60,-1.0,81.0,-1.0,-1.0,-1.0,-1
48,51_5_111_1,-1,96,-1,-1.0,-1.0,-1.0,-1.0,74.0,-1
49,51_5_101_1,65,-1,-1,-1.0,-1.0,-1.0,-1.0,-1.0,-1
50,51_5_001_1,-1,-1,-1,94.0,-1.0,-1.0,96.0,-1.0,55
51,23_9_100_0,-1,-1,-1,-1.0,-1.0,-1.0,-1.0,-1.0,-1
52,23_9_110_0,-1,-1,-1,-1.0,-1.0,-1.0,-1.0,-1.0,-1
53,23_9_111_0,-1,-1,-1,-1.0,-1.0,-1.0,-1.0,-1.0,-1
54,23_9_101_0,-1,-1,-1,-1.0,-1.0,-1.0,-1.0,-1.0,-1
55,23_9_001_0,-1,-1,-1,-1.0,-1.0,-1.0,-1.0,-1.0,-1
56,147_1_100_1,-1,-1,-1,-1.0,-1.0,-1.0,92.0,-1.0,64
57,147_1_110_1,88,94,-1,-1.0,-1.0,-1.0,-1.0,-1.0,-1
58,147_1_111_1,-1,-1,-1,74.0,-1.0,-1.0,-1.0,-1.0,-1
59,147_1_101_1,-1,-1,-1,-1.0,40.0,-1.0,-1.0,-1.0,-1
60,147_1_001_1,-1,-1,50,-1.0,-1.0,85.0,-1.0,77.0,-1
61,168_2_100_0,-1,-1,-1,-1.0,-1.0,-1.0,-1.0,-1.0,-1
62,168_2_110_0,-1,-1,-1,-1.0,-1.0,-1.0,-1.0,-1.0,-1
63,168_2_111_0,-1,-1,-1,-1.0,-1.0,-1.0,-1.0,-1.0,-1
64,168_2_101_0,-1,-1,-1,-1.0,-1.0,-1.0,-1.0,-1.0,-1
65,168_2_001_0,-1,-1,-1,-1.0,-1.0,-1.0,-1.0,-1.0,-1
66,63_2_100_0,-1,-1,-1,-1.0,-1.0,-1.0,-1.0,-1.0,-1
67,63_2_110_0,-1,-1,-1,-1.0,-1.0,-1.0,-1.0,-1.0,-1
68,63_2_111_0,-1,-1,-1,-1.0,-1.0,-1.0,-1.0,-1.0,-1
69,63_2_101_0,-1,-1,-1,-1.0,-1.0,-1.0,-1.0,-1.0,-1
70,63_2_001_0,-1,-1,-1,-1.0,-1.0,-1.0,-1.0,-1.0,-1
71,76_11_100_0,-1,-1,-1,-1.0,-1.0,-1.0,-1.0,-1.0,-1
72,76_11_110_0,-1,-1,-1,-1.0,-1.0,-1.0,-1.0,-1.0,-1
73,76_11_111_0,-1,-1,-1,-1.0,-1.0,-1.0,-1.0,-1.0,-1
74,76_11_101_0,-1,-1,-1,-1.0,-1.0,-1.0,-1.0,-1.0,-1
75,76_11_001_0,-1,-1,-1,-1.0,-1.0,-1.0,-1.0,-1.0,-1
76,106_2_100_0,-1,-1,-1,-1.0,-1.0,-1.0,-1.0,-1.0,-1
77,106_2_110_0,-1,-1,-1,-1.0,-1.0,-1.0,-1.0,-1.0,-1
78,106_2_111_0,-1,-1,-1,-1.0,-1.0,-1.0,-1.0,-1.0,-1
79,106_2_101_0,-1,-1,-1,-1.0,-1.0,-1.0,-1.0,-1.0,-1
80,106_2_001_0,-1,-1,-1,-1.0,-1.0,-1.0,-1.0,-1.0,-1
81,177_13_100_0,-1,-1,-1,-1.0,-1.0,-1.0,-1.0,-1.0,-1
82,177_13_110_0,-1,-1,-1,-1.0,-1.0,-1.0,-1.0,-1.0,-1
83,177_13_111_0,-1,-1,-1,-1.0,-1.0,-1.0,-1.0,-1.0,-1
84,177_13_101_0,-1,-1,-1,-1.0,-1.0,-1.0,-1.0,-1.0,-1
85,177_13_001_0,-1,-1,-1,-1.0,-1.0,-1.0,-1.0,-1.0,-1
86,262_11_100_0,-1,-1,-1,-1.0,-1.0,-1.0,-1.0,-1.0,-1
87,262_11_110_0,-1,-1,-1,-1.0,-1.0,-1.0,-1.0,-1.0,-1
88,262_11_111_0,-1,-1,-1,-1.0,-1.0,-1.0,-1.0,-1.0,-1
89,262_11_101_0,-1,-1,-1,-1.0,-1.0,-1.0,-1.0,-1.0,-1
90,262_11_001_0,-1,-1,-1,-1.0,-1.0,-1.0,-1.0,-1.0,-1
91,183_11_100_0,-1,-1,-1,-1.0,-1.0,-1.0,-1.0,-1.0,-1
92,183_11_110_0,-1,-1,-1,-1.0,-1.0,-1.0,-1.0,-1.0,-1
93,183_11_111_0,-1,-1,-1,-1.0,-1.0,-1.0,-1.0,-1.0,-1
94,183_11_101_0,-1,-1,-1,-1.0,-1.0,-1.0,-1.0,-1.0,-1
95,183_11_001_0,-1,-1,-1,-1.0,-1.0,-1.0,-1.0,-1.0,-1
96,11_2_100_0,-1,-1,-1,-1.0,-1.0,-1.0,-1.0,-1.0,-1
97,11_2_110_0,-1,-1,-1,-1.0,-1.0,-1.0,-1.0,-1.0,-1
98,11_2_111_0,-1,-1,-1,-1.0,-1.0,-1.0,-1.0,-1.0,-1
99,11_2_101_0,-1,-1,-1,-1.0,-1.0,-1.0,-1.0,-1.0,-1
100,11_2_001_0,-1,-1,-1,-1.0,-1.0,-1.0,-1.0,-1.0,-1
101,83_14_100_0,-1,-1,-1,-1.0,-1.0,-1.0,-1.0,-1.0,-1
102,83_14_110_0,-1,-1,-1,-1.0,-1.0,-1.0,-1.0,-1.0,-1
103,83_14_111_0,-1,-1,-1,-1.0,-1.0,-1.0,-1.0,-1.0,-1
104,83_14_101_0,-1,-1,-1,-1.0,-1.0,-1.0,-1.0,-1.0,-1
105,83_14_001_0,-1,-1,-1,-1.0,-1.0,-1.0,-1.0,-1.0,-1
106,14_15_100_0,-1,-1,-1,-1.0,-1.0,-1.0,-1.0,-1.0,-1
107,14_15_110_0,-1,-1,-1,-1.0,-1.0,-1.0,-1.0,-1.0,-1
108,14_15_111_0,-1,-1,-1,-1.0,-1.0,-1.0,-1.0,-1.0,-1
109,14_15_101_0,-1,-1,-1,-1.0,-1.0,-1.0,-1.0,-1.0,-1
110,14_15_001_0,-1,-1,-1,-1.0,-1.0,-1.0,-1.0,-1.0,-1
111,146_12_100_0,-1,-1,-1,-1.0,-1.0,-1.0,-1.0,-1.0,-1
112,146_12_110_0,-1,-1,-1,-1.0,-1.0,-1.0,-1.0,-1.0,-1
113,146_12_111_0,-1,-1,-1,-1.0,-1.0,-1.0,-1.0,-1.0,-1
114,146_12_101_0,-1,-1,-1,-1.0,-1.0,-1.0,-1.0,-1.0,-1
115,146_12_001_0,-1,-1,-1,-1.0,-1.0,-1.0,-1.0,-1.0,-1
116,172_10_100_0,-1,-1,-1,-1.0,-1.0,-1.0,-1.0,-1.0,-1
117,172_10_110_0,-1,-1,-1,-1.0,-1.0,-1.0,-1.0,-1.0,-1
118,172_10_111_0,-1,-1,-1,-1.0,-1.0,-1.0,-1.0,-1.0,-1
119,172_10_101_0,-1,-1,-1,-1.0,-1.0,-1.0,-1.0,-1.0,-1
120,172_10_001_0,-1,-1,-1,-1.0,-1.0,-1.0,-1.0,-1.0,-1
121,224_15_100_0,-1,-1,-1,-1.0,-1.0,-1.0,-1.0,-1.0,-1
122,224_15_110_0,-1,-1,-1,-1.0,-1.0,-1.0,-1.0,-1.0,-1
123,224_15_111_0,-1,-1,-1,-1.0,-1.0,-1.0,-1.0,-1.0,-1
124,224_15_101_0,-1,-1,-1,-1.0,-1.0,-1.0,-1.0,-1.0,-1
125,224_15_001_0,-1,-1,-1,-1.0,-1.0,-1.0,-1.0,-1.0,-1
126,265_15_100_0,-1,-1,-1,-1.0,-1.0,-1.0,-1.0,-1.0,-1
127,265_15_110_0,-1,-1,-1,-1.0,-1.0,-1.0,-1.0,-1.0,-1
128,265_15_111_0,-1,-1,-1,-1.0,-1.0,-1.0,-1.0,-1.0,-1
129,265_15_101_0,-1,-1,-1,-1.0,-1.0,-1.0,-1.0,-1.0,-1
130,265_15_001_0,-1,-1,-1,-1.0,-1.0,-1.0,-1.0,-1.0,-1
131,229_1_100_0,-1,-1,-1,-1.0,-1.0,-1.0,-1.0,-1.0,-1
132,229_1_110_0,-1,-1,-1,-1.0,-1.0,-1.0,-1.0,-1.0,-1
133,229_1_111_0,-1,-1,-1,-1.0,-1.0,-1.0,-1.0,-1.0,-1
134,229_1_101_0,-1,-1,-1,-1.0,-1.0,-1.0,-1.0,-1.0,-1
135,229_1_001_0,-1,-1,-1,-1.0,-1.0,-1.0,-1.0,-1.0,-1
136,210_3_100_1,70,-1,38,-1.0,-1.0,-1.0,-1.0,-1.0,-1
137,210_3_110_1,-1,-1,-1,-1.0,-1.0,23.0,-1.0,56.0,-1
138,210_3_111_0,-1,-1,-1,-1.0,-1.0,-1.0,-1.0,-1.0,-1
139,210_3_101_1,-1,92,-1,81.0,-1.0,-1.0,18.0,-1.0,60
140,210_3_001_1,-1,-1,-1,-1.0,75.0,-1.0,-1.0,-1.0,-1
141,91_14_100_0,-1,-1,-1,-1.0,-1.0,-1.0,-1.0,-1.0,-1
142,91_14_110_0,-1,-1,-1,-1.0,-1.0,-1.0,-1.0,-1.0,-1
143,91_14_111_0,-1,-1,-1,-1.0,-1.0,-1.0,-1.0,-1.0,-1
144,91_14_101_0,-1,-1,-1,-1.0,-1.0,-1.0,-1.0,-1.0,-1
145,91_14_001_0,-1,-1,-1,-1.0,-1.0,-1.0,-1.0,-1.0,-1
146,223_11_100_0,-1,-1,-1,-1.0,-1.0,-1.0,-1.0,-1.0,-1
147,223_11_110_0,-1,-1,-1,-1.0,-1.0,-1.0,-1.0,-1.0,-1
148,223_11_111_0,-1,-1,-1,-1.0,-1.0,-1.0,-1.0,-1.0,-1
149,223_11_101_0,-1,-1,-1,-1.0,-1.0,-1.0,-1.0,-1.0,-1
150,223_11_001_0,-1,-1,-1,-1.0,-1.0,-1.0,-1.0,-1.0,-1
151,40_13_100_0,-1,-1,-1,-1.0,-1.0,-1.0,-1.0,-1.0,-1
152,40_13_110_0,-1,-1,-1,-1.0,-1.0,-1.0,-1.0,-1.0,-1
153,40_13_111_0,-1,-1,-1,-1.0,-1.0,-1.0,-1.0,-1.0,-1
154,40_13_101_0,-1,-1,-1,-1.0,-1.0,-1.0,-1.0,-1.0,-1
155,40_13_001_0,-1,-1,-1,-1.0,-1.0,-1.0,-1.0,-1.0,-1
156,253_11_100_1,-1,-1,-1,-1.0,-1.0,-1.0,50.0,-1.0,38
157,253_11_110_1,53,68,-1,-1.0,-1.0,-1.0,-1.0,-1.0,-1
158,253_11_111_1,-1,-1,-1,64.0,-1.0,-1.0,-1.0,-1.0,-1
159,253_11_101_1,-1,-1,-1,-1.0,46.0,-1.0,-1.0,-1.0,-1
160,253_11_001_1,-1,-1,28,-1.0,-1.0,48.0,-1.0,86.0,-1
161,21_15_100_0,-1,-1,-1,-1.0,-1.0,-1.0,-1.0,-1.0,-1
162,21_15_110_0,-1,-1,-1,-1.0,-1.0,-1.0,-1.0,-1.0,-1
163,21_15_111_0,-1,-1,-1,-1.0,-1.0,-1.0,-1.0,-1.0,-1
164,21_15_101_0,-1,-1,-1,-1.0,-1.0,-1.0,-1.0,-1.0,-1
165,21_15_001_0,-1,-1,-1,-1.0,-1.0,-1.0,-1.0,-1.0,-1
166,27_14_100_0,-1,-1,-1,-1.0,-1.0,-1.0,-1.0,-1.0,-1
167,27_14_110_0,-1,-1,-1,-1.0,-1.0,-1.0,-1.0,-1.0,-1
168,27_14_111_0,-1,-1,-1,-1.0,-1.0,-1.0,-1.0,-1.0,-1
169,27_14_101_0,-1,-1,-1,-1.0,-1.0,-1.0,-1.0,-1.0,-1
170,27_14_001_0,-1,-1,-1,-1.0,-1.0,-1.0,-1.0,-1.0,-1
171,238_13_100_0,-1,-1,-1,-1.0,-1.0,-1.0,-1.0,-1.0,-1
172,238_13_110_0,-1,-1,-1,-1.0,-1.0,-1.0,-1.0,-1.0,-1
173,238_13_111_0,-1,-1,-1,-1.0,-1.0,-1.0,-1.0,-1.0,-1
174,238_13_101_0,-1,-1,-1,-1.0,-1.0,-1.0,-1.0,-1.0,-1
175,238_13_001_0,-1,-1,-1,-1.0,-1.0,-1.0,-1.0,-1.0,-1
176,143_9_100_0,-1,-1,-1,-1.0,-1.0,-1.0,-1.0,-1.0,-1
177,143_9_110_0,-1,-1,-1,-1.0,-1.0,-1.0,-1.0,-1.0,-1
178,143_9_111_0,-1,-1,-1,-1.0,-1.0,-1.0,-1.0,-1.0,-1
179,143_9_101_0,-1,-1,-1,-1.0,-1.0,-1.0,-1.0,-1.0,-1
180,143_9_001_0,-1,-1,-1,-1.0,-1.0,-1.0,-1.0,-1.0,-1
181,232_13_100_0,-1,-1,-1,-1.0,-1.0,-1.0,-1.0,-1.0,-1
182,232_13_110_0,-1,-1,-1,-1.0,-1.0,-1.0,-1.0,-1.0,-1
183,232_13_111_0,-1,-1,-1,-1.0,-1.0,-1.0,-1.0,-1.0,-1
184,232_13_101_0,-1,-1,-1,-1.0,-1.0,-1.0,-1.0,-1.0,-1
185,232_13_001_0,-1,-1,-1,-1.0,-1.0,-1.0,-1.0,-1.0,-1
186,274_9_100_1,-1,100,-1,88.0,95.0,-1.0,-1.0,-1.0,-1
187,274_9_110_0,-1,-1,-1,-1.0,-1.0,-1.0,-1.0,-1.0,-1
188,274_9_111_1,86,-1,83,-1.0,-1.0,-1.0,95.0,-1.0,34
189,274_9_101_1,-1,-1,-1,-1.0,-1.0,67.0,-1.0,71.0,-1
190,274_9_001_0,-1,-1,-1,-1.0,-1.0,-1.0,-1.0,-1.0,-1
191,257_8_100_0,-1,-1,-1,-1.0,-1.0,-1.0,-1.0,-1.0,-1
192,257_8_110_0,-1,-1,-1,-1.0,-1.0,-1.0,-1.0,-1.0,-1
193,257_8_111_0,-1,-1,-1,-1.0,-1.0,-1.0,-1.0,-1.0,-1
194,257_8_101_0,-1,-1,-1,-1.0,-1.0,-1.0,-1.0,-1.0,-1
195,257_8_001_0,-1,-1,-1,-1.0,-1.0,-1.0,-1.0,-1.0,-1
196,13_2_100_1,65,-1,60,-1.0,-1.0,-1.0,-1.0,-1.0,-1
197,13_2_110_1,-1,-1,-1,-1.0,-1.0,50.0,-1.0,81.0,-1
198,13_2_111_0,-1,-1,-1,-1.0,-1.0,-1.0,-1.0,-1.0,-1
199,13_2_101_1,-1,92,-1,84.0,-1.0,-1.0,91.0,-1.0,58
200,13_2_001_1,-1,-1,-1,-1.0,74.0,-1.0,-1.0,-1.0,-1
201,42_13_100_0,-1,-1,-1,-1.0,-1.0,-1.0,-1.0,-1.0,-1
202,42_13_110_0,-1,-1,-1,-1.0,-1.0,-1.0,-1.0,-1.0,-1
203,42_13_111_0,-1,-1,-1,-1.0,-1.0,-1.0,-1.0,-1.0,-1
204,42_13_101_0,-1,-1,-1,-1.0,-1.0,-1.0,-1.0,-1.0,-1
205,42_13_001_0,-1,-1,-1,-1.0,-1.0,-1.0,-1.0,-1.0,-1
206,118_13_100_0,-1,-1,-1,-1.0,-1.0,-1.0,-1.0,-1.0,-1
207,118_13_110_0,-1,-1,-1,-1.0,-1.0,-1.0,-1.0,-1.0,-1
208,118_13_111_0,-1,-1,-1,-1.0,-1.0,-1.0,-1.0,-1.0,-1
209,118_13_101_0,-1,-1,-1,-1.0,-1.0,-1.0,-1.0,-1.0,-1
210,118_13_001_0,-1,-1,-1,-1.0,-1.0,-1.0,-1.0,-1.0,-1
211,176_3_100_0,-1,-1,-1,-1.0,-1.0,-1.0,-1.0,-1.0,-1
212,176_3_110_0,-1,-1,-1,-1.0,-1.0,-1.0,-1.0,-1.0,-1
213,176_3_111_0,-1,-1,-1,-1.0,-1.0,-1.0,-1.0,-1.0,-1
214,176_3_101_0,-1,-1,-1,-1.0,-1.0,-1.0,-1.0,-1.0,-1
215,176_3_001_0,-1,-1,-1,-1.0,-1.0,-1.0,-1.0,-1.0,-1
216,72_2_100_1,-1,-1,-1,-1.0,-1.0,-1.0,91.0,-1.0,71
217,72_2_110_1,50,97,-1,-1.0,-1.0,-1.0,-1.0,-1.0,-1
218,72_2_111_1,-1,-1,-1,81.0,-1.0,-1.0,-1.0,-1.0,-1
219,72_2_101_1,-1,-1,-1,-1.0,86.0,-1.0,-1.0,-1.0,-1
220,72_2_001_1,-1,-1,57,-1.0,-1.0,74.0,-1.0,79.0,-1
221,275_5_100_0,-1,-1,-1,-1.0,-1.0,-1.0,-1.0,-1.0,-1
222,275_5_110_0,-1,-1,-1,-1.0,-1.0,-1.0,-1.0,-1.0,-1
223,275_5_111_0,-1,-1,-1,-1.0,-1.0,-1.0,-1.0,-1.0,-1
224,275_5_101_0,-1,-1,-1,-1.0,-1.0,-1.0,-1.0,-1.0,-1
225,275_5_001_0,-1,-1,-1,-1.0,-1.0,-1.0,-1.0,-1.0,-1
226,173_1_100_1,-1,-1,-1,-1.0,-1.0,23.0,-1.0,-1.0,-1
227,173_1_110_1,-1,-1,23,-1.0,50.0,-1.0,-1.0,-1.0,-1
228,173_1_111_1,-1,66,-1,-1.0,-1.0,-1.0,-1.0,12.0,-1
229,173_1_101_1,58,-1,-1,-1.0,-1.0,-1.0,-1.0,-1.0,-1
230,173_1_001_1,-1,-1,-1,65.0,-1.0,-1.0,7.0,-1.0,7
231,268_4_100_0,-1,-1,-1,-1.0,-1.0,-1.0,-1.0,-1.0,-1
232,268_4_110_0,-1,-1,-1,-1.0,-1.0,-1.0,-1.0,-1.0,-1
233,268_4_111_0,-1,-1,-1,-1.0,-1.0,-1.0,-1.0,-1.0,-1
234,268_4_101_0,-1,-1,-1,-1.0,-1.0,-1.0,-1.0,-1.0,-1
235,268_4_001_0,-1,-1,-1,-1.0,-1.0,-1.0,-1.0,-1.0,-1
236,5_11_100_0,-1,-1,-1,-1.0,-1.0,-1.0,-1.0,-1.0,-1
237,5_11_110_0,-1,-1,-1,-1.0,-1.0,-1.0,-1.0,-1.0,-1
238,5_11_111_0,-1,-1,-1,-1.0,-1.0,-1.0,-1.0,-1.0,-1
239,5_11_101_0,-1,-1,-1,-1.0,-1.0,-1.0,-1.0,-1.0,-1
240,5_11_001_0,-1,-1,-1,-1.0,-1.0,-1.0,-1.0,-1.0,-1
241,155_6_100_0,-1,-1,-1,-1.0,-1.0,-1.0,-1.0,-1.0,-1
242,155_6_110_0,-1,-1,-1,-1.0,-1.0,-1.0,-1.0,-1.0,-1
243,155_6_111_0,-1,-1,-1,-1.0,-1.0,-1.0,-1.0,-1.0,-1
244,155_6_101_0,-1,-1,-1,-1.0,-1.0,-1.0,-1.0,-1.0,-1
245,155_6_001_0,-1,-1,-1,-1.0,-1.0,-1.0,-1.0,-1.0,-1
246,252_11_100_0,-1,-1,-1,-1.0,-1.0,-1.0,-1.0,-1.0,-1
247,252_11_110_0,-1,-1,-1,-1.0,-1.0,-1.0,-1.0,-1.0,-1
248,252_11_111_0,-1,-1,-1,-1.0,-1.0,-1.0,-1.0,-1.0,-1
249,252_11_101_0,-1,-1,-1,-1.0,-1.0,-1.0,-1.0,-1.0,-1
250,252_11_001_0,-1,-1,-1,-1.0,-1.0,-1.0,-1.0,-1.0,-1
251,254_12_100_0,-1,-1,-1,-1.0,-1.0,-1.0,-1.0,-1.0,-1
252,254_12_110_0,-1,-1,-1,-1.0,-1.0,-1.0,-1.0,-1.0,-1
253,254_12_111_0,-1,-1,-1,-1.0,-1.0,-1.0,-1.0,-1.0,-1
254,254_12_101_0,-1,-1,-1,-1.0,-1.0,-1.0,-1.0,-1.0,-1
255,254_12_001_0,-1,-1,-1,-1.0,-1.0,-1.0,-1.0,-1.0,-1
256,272_11_100_1,-1,-1,-1,-1.0,-1.0,22.0,-1.0,-1.0,-1
257,272_11_110_1,-1,-1,56,-1.0,74.0,-1.0,-1.0,-1.0,-1
258,272_11_111_1,-1,88,-1,-1.0,-1.0,-1.0,-1.0,50.0,-1
259,272_11_101_1,50,-1,-1,-1.0,-1.0,-1.0,-1.0,-1.0,-1
260,272_11_001_1,-1,-1,-1,66.0,-1.0,-1.0,50.0,-1.0,48
261,36_10_100_0,-1,-1,-1,-1.0,-1.0,-1.0,-1.0,-1.0,-1
262,36_10_110_0,-1,-1,-1,-1.0,-1.0,-1.0,-1.0,-1.0,-1
263,36_10_111_0,-1,-1,-1,-1.0,-1.0,-1.0,-1.0,-1.0,-1
264,36_10_101_0,-1,-1,-1,-1.0,-1.0,-1.0,-1.0,-1.0,-1
265,36_10_001_0,-1,-1,-1,-1.0,-1.0,-1.0,-1.0,-1.0,-1
266,258_10_100_0,-1,-1,-1,-1.0,-1.0,-1.0,-1.0,-1.0,-1
267,258_10_110_0,-1,-1,-1,-1.0,-1.0,-1.0,-1.0,-1.0,-1
268,258_10_111_0,-1,-1,-1,-1.0,-1.0,-1.0,-1.0,-1.0,-1
269,258_10_101_0,-1,-1,-1,-1.0,-1.0,-1.0,-1.0,-1.0,-1
270,258_10_001_0,-1,-1,-1,-1.0,-1.0,-1.0,-1.0,-1.0,-1
271,121_13_100_0,-1,-1,-1,-1.0,-1.0,-1.0,-1.0,-1.0,-1
272,121_13_110_0,-1,-1,-1,-1.0,-1.0,-1.0,-1.0,-1.0,-1
273,121_13_111_0,-1,-1,-1,-1.0,-1.0,-1.0,-1.0,-1.0,-1
274,121_13_101_0,-1,-1,-1,-1.0,-1.0,-1.0,-1.0,-1.0,-1
275,121_13_001_0,-1,-1,-1,-1.0,-1.0,-1.0,-1.0,-1.0,-1
276,263_10_100_0,-1,-1,-1,-1.0,-1.0,-1.0,-1.0,-1.0,-1
277,263_10_110_0,-1,-1,-1,-1.0,-1.0,-1.0,-1.0,-1.0,-1
278,263_10_111_0,-1,-1,-1,-1.0,-1.0,-1.0,-1.0,-1.0,-1
279,263_10_101_0,-1,-1,-1,-1.0,-1.0,-1.0,-1.0,-1.0,-1
280,263_10_001_0,-1,-1,-1,-1.0,-1.0,-1.0,-1.0,-1.0,-1
281,47_3_100_0,-1,-1,-1,-1.0,-1.0,-1.0,-1.0,-1.0,-1
282,47_3_110_0,-1,-1,-1,-1.0,-1.0,-1.0,-1.0,-1.0,-1
283,47_3_111_0,-1,-1,-1,-1.0,-1.0,-1.0,-1.0,-1.0,-1
284,47_3_101_0,-1,-1,-1,-1.0,-1.0,-1.0,-1.0,-1.0,-1
285,47_3_001_0,-1,-1,-1,-1.0,-1.0,-1.0,-1.0,-1.0,-1
286,270_13_100_0,-1,-1,-1,-1.0,-1.0,-1.0,-1.0,-1.0,-1
287,270_13_110_0,-1,-1,-1,-1.0,-1.0,-1.0,-1.0,-1.0,-1
288,270_13_111_0,-1,-1,-1,-1.0,-1.0,-1.0,-1.0,-1.0,-1
289,270_13_101_0,-1,-1,-1,-1.0,-1.0,-1.0,-1.0,-1.0,-1
290,270_13_001_0,-1,-1,-1,-1.0,-1.0,-1.0,-1.0,-1.0,-1
291,115_14_100_0,-1,-1,-1,-1.0,-1.0,-1.0,-1.0,-1.0,-1
292,115_14_110_0,-1,-1,-1,-1.0,-1.0,-1.0,-1.0,-1.0,-1
293,115_14_111_0,-1,-1,-1,-1.0,-1.0,-1.0,-1.0,-1.0,-1
294,115_14_101_0,-1,-1,-1,-1.0,-1.0,-1.0,-1.0,-1.0,-1
295,115_14_001_0,-1,-1,-1,-1.0,-1.0,-1.0,-1.0,-1.0,-1
296,101_7_100_0,-1,-1,-1,-1.0,-1.0,-1.0,-1.0,-1.0,-1
297,101_7_110_0,-1,-1,-1,-1.0,-1.0,-1.0,-1.0,-1.0,-1
298,101_7_111_0,-1,-1,-1,-1.0,-1.0,-1.0,-1.0,-1.0,-1
299,101_7_101_0,-1,-1,-1,-1.0,-1.0,-1.0,-1.0,-1.0,-1
300,101_7_001_0,-1,-1,-1,-1.0,-1.0,-1.0,-1.0,-1.0,-1
301,65_11_100_1,-1,96,-1,78.0,57.0,-1.0,-1.0,-1.0,-1
302,65_11_110_0,-1,-1,-1,-1.0,-1.0,-1.0,-1.0,-1.0,-1
303,65_11_111_1,71,-1,18,-1.0,-1.0,-1.0,85.0,-1.0,41
304,65_11_101_1,-1,-1,-1,-1.0,-1.0,15.0,-1.0,63.0,-1
305,65_11_001_0,-1,-1,-1,-1.0,-1.0,-1.0,-1.0,-1.0,-1
306,113_11_100_0,-1,-1,-1,-1.0,-1.0,-1.0,-1.0,-1.0,-1
307,113_11_110_0,-1,-1,-1,-1.0,-1.0,-1.0,-1.0,-1.0,-1
308,113_11_111_0,-1,-1,-1,-1.0,-1.0,-1.0,-1.0,-1.0,-1
309,113_11_101_0,-1,-1,-1,-1.0,-1.0,-1.0,-1.0,-1.0,-1
310,113_11_001_0,-1,-1,-1,-1.0,-1.0,-1.0,-1.0,-1.0,-1
311,149_11_100_0,-1,-1,-1,-1.0,-1.0,-1.0,-1.0,-1.0,-1
312,149_11_110_0,-1,-1,-1,-1.0,-1.0,-1.0,-1.0,-1.0,-1
313,149_11_111_0,-1,-1,-1,-1.0,-1.0,-1.0,-1.0,-1.0,-1
314,149_11_101_0,-1,-1,-1,-1.0,-1.0,-1.0,-1.0,-1.0,-1
315,149_11_001_0,-1,-1,-1,-1.0,-1.0,-1.0,-1.0,-1.0,-1
316,20_1_100_0,-1,-1,-1,-1.0,-1.0,-1.0,-1.0,-1.0,-1
317,20_1_110_0,-1,-1,-1,-1.0,-1.0,-1.0,-1.0,-1.0,-1
318,20_1_111_0,-1,-1,-1,-1.0,-1.0,-1.0,-1.0,-1.0,-1
319,20_1_101_0,-1,-1,-1,-1.0,-1.0,-1.0,-1.0,-1.0,-1
320,20_1_001_0,-1,-1,-1,-1.0,-1.0,-1.0,-1.0,-1.0,-1
321,52_11_100_0,-1,-1,-1,-1.0,-1.0,-1.0,-1.0,-1.0,-1
322,52_11_110_0,-1,-1,-1,-1.0,-1.0,-1.0,-1.0,-1.0,-1
323,52_11_111_0,-1,-1,-1,-1.0,-1.0,-1.0,-1.0,-1.0,-1
324,52_11_101_0,-1,-1,-1,-1.0,-1.0,-1.0,-1.0,-1.0,-1
325,52_11_001_0,-1,-1,-1,-1.0,-1.0,-1.0,-1.0,-1.0,-1
326,77_11_100_0,-1,-1,-1,-1.0,-1.0,-1.0,-1.0,-1.0,-1
327,77_11_110_0,-1,-1,-1,-1.0,-1.0,-1.0,-1.0,-1.0,-1
328,77_11_111_0,-1,-1,-1,-1.0,-1.0,-1.0,-1.0,-1.0,-1
329,77_11_101_0,-1,-1,-1,-1.0,-1.0,-1.0,-1.0,-1.0,-1
330,77_11_001_0,-1,-1,-1,-1.0,-1.0,-1.0,-1.0,-1.0,-1
331,125_2_100_0,-1,-1,-1,-1.0,-1.0,-1.0,-1.0,-1.0,-1
332,125_2_110_0,-1,-1,-1,-1.0,-1.0,-1.0,-1.0,-1.0,-1
333,125_2_111_0,-1,-1,-1,-1.0,-1.0,-1.0,-1.0,-1.0,-1
334,125_2_101_0,-1,-1,-1,-1.0,-1.0,-1.0,-1.0,-1.0,-1
335,125_2_001_0,-1,-1,-1,-1.0,-1.0,-1.0,-1.0,-1.0,-1
336,123_2_100_0,-1,-1,-1,-1.0,-1.0,-1.0,-1.0,-1.0,-1
337,123_2_110_0,-1,-1,-1,-1.0,-1.0,-1.0,-1.0,-1.0,-1
338,123_2_111_0,-1,-1,-1,-1.0,-1.0,-1.0,-1.0,-1.0,-1
339,123_2_101_0,-1,-1,-1,-1.0,-1.0,-1.0,-1.0,-1.0,-1
340,123_2_001_0,-1,-1,-1,-1.0,-1.0,-1.0,-1.0,-1.0,-1
341,1_13_100_0,-1,-1,-1,-1.0,-1.0,-1.0,-1.0,-1.0,-1
342,1_13_110_0,-1,-1,-1,-1.0,-1.0,-1.0,-1.0,-1.0,-1
343,1_13_111_0,-1,-1,-1,-1.0,-1.0,-1.0,-1.0,-1.0,-1
344,1_13_101_0,-1,-1,-1,-1.0,-1.0,-1.0,-1.0,-1.0,-1
345,1_13_001_0,-1,-1,-1,-1.0,-1.0,-1.0,-1.0,-1.0,-1
346,37_11_100_0,-1,-1,-1,-1.0,-1.0,-1.0,-1.0,-1.0,-1
347,37_11_110_0,-1,-1,-1,-1.0,-1.0,-1.0,-1.0,-1.0,-1
348,37_11_111_0,-1,-1,-1,-1.0,-1.0,-1.0,-1.0,-1.0,-1
349,37_11_101_0,-1,-1,-1,-1.0,-1.0,-1.0,-1.0,-1.0,-1
350,37_11_001_0,-1,-1,-1,-1.0,-1.0,-1.0,-1.0,-1.0,-1
351,209_1_100_0,-1,-1,-1,-1.0,-1.0,-1.0,-1.0,-1.0,-1
352,209_1_110_0,-1,-1,-1,-1.0,-1.0,-1.0,-1.0,-1.0,-1
353,209_1_111_0,-1,-1,-1,-1.0,-1.0,-1.0,-1.0,-1.0,-1
354,209_1_101_0,-1,-1,-1,-1.0,-1.0,-1.0,-1.0,-1.0,-1
355,209_1_001_0,-1,-1,-1,-1.0,-1.0,-1.0,-1.0,-1.0,-1
356,217_2_100_0,-1,-1,-1,-1.0,-1.0,-1.0,-1.0,-1.0,-1
357,217_2_110_0,-1,-1,-1,-1.0,-1.0,-1.0,-1.0,-1.0,-1
358,217_2_111_0,-1,-1,-1,-1.0,-1.0,-1.0,-1.0,-1.0,-1
359,217_2_101_0,-1,-1,-1,-1.0,-1.0,-1.0,-1.0,-1.0,-1
360,217_2_001_0,-1,-1,-1,-1.0,-1.0,-1.0,-1.0,-1.0,-1
361,239_6_100_1,-1,-1,-1,-1.0,-1.0,50.0,-1.0,-1.0,-1
362,239_6_110_1,-1,-1,45,-1.0,31.0,-1.0,-1.0,-1.0,-1
363,239_6_111_1,-1,78,-1,-1.0,-1.0,-1.0,-1.0,44.0,-1
364,239_6_101_1,57,-1,-1,-1.0,-1.0,-1.0,-1.0,-1.0,-1
365,239_6_001_1,-1,-1,-1,65.0,-1.0,-1.0,61.0,-1.0,11
366,288_13_100_0,-1,-1,-1,-1.0,-1.0,-1.0,-1.0,-1.0,-1
367,288_13_110_0,-1,-1,-1,-1.0,-1.0,-1.0,-1.0,-1.0,-1
368,288_13_111_0,-1,-1,-1,-1.0,-1.0,-1.0,-1.0,-1.0,-1
369,288_13_101_0,-1,-1,-1,-1.0,-1.0,-1.0,-1.0,-1.0,-1
370,288_13_001_0,-1,-1,-1,-1.0,-1.0,-1.0,-1.0,-1.0,-1
371,46_9_100_0,-1,-1,-1,-1.0,-1.0,-1.0,-1.0,-1.0,-1
372,46_9_110_0,-1,-1,-1,-1.0,-1.0,-1.0,-1.0,-1.0,-1
373,46_9_111_0,-1,-1,-1,-1.0,-1.0,-1.0,-1.0,-1.0,-1
374,46_9_101_0,-1,-1,-1,-1.0,-1.0,-1.0,-1.0,-1.0,-1
375,46_9_001_0,-1,-1,-1,-1.0,-1.0,-1.0,-1.0,-1.0,-1
376,190_10_100_1,-1,79,-1,85.0,46.0,-1.0,-1.0,-1.0,-1
377,190_10_110_0,-1,-1,-1,-1.0,-1.0,-1.0,-1.0,-1.0,-1
378,190_10_111_1,53,-1,34,-1.0,-1.0,-1.0,13.0,-1.0,60
379,190_10_101_1,-1,-1,-1,-1.0,-1.0,10.0,-1.0,84.0,-1
380,190_10_001_0,-1,-1,-1,-1.0,-1.0,-1.0,-1.0,-1.0,-1
381,19_13_100_1,-1,85,-1,92.0,28.0,-1.0,-1.0,-1.0,-1
382,19_13_110_0,-1,-1,-1,-1.0,-1.0,-1.0,-1.0,-1.0,-1
383,19_13_111_1,50,-1,67,-1.0,-1.0,-1.0,73.0,-1.0,36
384,19_13_101_1,-1,-1,-1,-1.0,-1.0,68.0,-1.0,60.0,-1
385,19_13_001_0,-1,-1,-1,-1.0,-1.0,-1.0,-1.0,-1.0,-1
386,107_7_100_1,-1,92,-1,85.0,51.0,-1.0,-1.0,-1.0,-1
387,107_7_110_0,-1,-1,-1,-1.0,-1.0,-1.0,-1.0,-1.0,-1
388,107_7_111_1,50,-1,39,-1.0,-1.0,-1.0,63.0,-1.0,46
389,107_7_101_1,-1,-1,-1,-1.0,-1.0,21.0,-1.0,68.0,-1
390,107_7_001_0,-1,-1,-1,-1.0,-1.0,-1.0,-1.0,-1.0,-1
391,158_2_100_0,-1,-1,-1,-1.0,-1.0,-1.0,-1.0,-1.0,-1
392,158_2_110_0,-1,-1,-1,-1.0,-1.0,-1.0,-1.0,-1.0,-1
393,158_2_111_0,-1,-1,-1,-1.0,-1.0,-1.0,-1.0,-1.0,-1
394,158_2_101_0,-1,-1,-1,-1.0,-1.0,-1.0,-1.0,-1.0,-1
395,158_2_001_0,-1,-1,-1,-1.0,-1.0,-1.0,-1.0,-1.0,-1
396,66_9_100_0,-1,-1,-1,-1.0,-1.0,-1.0,-1.0,-1.0,-1
397,66_9_110_0,-1,-1,-1,-1.0,-1.0,-1.0,-1.0,-1.0,-1
398,66_9_111_0,-1,-1,-1,-1.0,-1.0,-1.0,-1.0,-1.0,-1
399,66_9_101_0,-1,-1,-1,-1.0,-1.0,-1.0,-1.0,-1.0,-1
400,66_9_001_0,-1,-1,-1,-1.0,-1.0,-1.0,-1.0,-1.0,-1
401,201_10_100_0,-1,-1,-1,-1.0,-1.0,-1.0,-1.0,-1.0,-1
402,201_10_110_0,-1,-1,-1,-1.0,-1.0,-1.0,-1.0,-1.0,-1
403,201_10_111_0,-1,-1,-1,-1.0,-1.0,-1.0,-1.0,-1.0,-1
404,201_10_101_0,-1,-1,-1,-1.0,-1.0,-1.0,-1.0,-1.0,-1
405,201_10_001_0,-1,-1,-1,-1.0,-1.0,-1.0,-1.0,-1.0,-1
406,145_3_100_0,-1,-1,-1,-1.0,-1.0,-1.0,-1.0,-1.0,-1
407,145_3_110_0,-1,-1,-1,-1.0,-1.0,-1.0,-1.0,-1.0,-1
408,145_3_111_0,-1,-1,-1,-1.0,-1.0,-1.0,-1.0,-1.0,-1
409,145_3_101_0,-1,-1,-1,-1.0,-1.0,-1.0,-1.0,-1.0,-1
410,145_3_001_0,-1,-1,-1,-1.0,-1.0,-1.0,-1.0,-1.0,-1
411,110_2_100_0,-1,-1,-1,-1.0,-1.0,-1.0,-1.0,-1.0,-1
412,110_2_110_0,-1,-1,-1,-1.0,-1.0,-1.0,-1.0,-1.0,-1
413,110_2_111_0,-1,-1,-1,-1.0,-1.0,-1.0,-1.0,-1.0,-1
414,110_2_101_0,-1,-1,-1,-1.0,-1.0,-1.0,-1.0,-1.0,-1
415,110_2_001_0,-1,-1,-1,-1.0,-1.0,-1.0,-1.0,-1.0,-1
416,231_13_100_1,-1,-1,-1,-1.0,-1.0,-1.0,77.0,-1.0,72
417,231_13_110_1,77,97,-1,-1.0,-1.0,-1.0,-1.0,-1.0,-1
418,231_13_111_1,-1,-1,-1,90.0,-1.0,-1.0,-1.0,-1.0,-1
419,231_13_101_1,-1,-1,-1,-1.0,67.0,-1.0,-1.0,-1.0,-1
420,231_13_001_1,-1,-1,22,-1.0,-1.0,18.0,-1.0,58.0,-1
421,103_13_100_0,-1,-1,-1,-1.0,-1.0,-1.0,-1.0,-1.0,-1
422,103_13_110_0,-1,-1,-1,-1.0,-1.0,-1.0,-1.0,-1.0,-1
423,103_13_111_0,-1,-1,-1,-1.0,-1.0,-1.0,-1.0,-1.0,-1
424,103_13_101_0,-1,-1,-1,-1.0,-1.0,-1.0,-1.0,-1.0,-1
425,103_13_001_0,-1,-1,-1,-1.0,-1.0,-1.0,-1.0,-1.0,-1
426,3_5_100_0,-1,-1,-1,-1.0,-1.0,-1.0,-1.0,-1.0,-1
427,3_5_110_0,-1,-1,-1,-1.0,-1.0,-1.0,-1.0,-1.0,-1
428,3_5_111_0,-1,-1,-1,-1.0,-1.0,-1.0,-1.0,-1.0,-1
429,3_5_101_0,-1,-1,-1,-1.0,-1.0,-1.0,-1.0,-1.0,-1
430,3_5_001_0,-1,-1,-1,-1.0,-1.0,-1.0,-1.0,-1.0,-1
431,84_4_100_0,-1,-1,-1,-1.0,-1.0,-1.0,-1.0,-1.0,-1
432,84_4_110_0,-1,-1,-1,-1.0,-1.0,-1.0,-1.0,-1.0,-1
433,84_4_111_0,-1,-1,-1,-1.0,-1.0,-1.0,-1.0,-1.0,-1
434,84_4_101_0,-1,-1,-1,-1.0,-1.0,-1.0,-1.0,-1.0,-1
435,84_4_001_0,-1,-1,-1,-1.0,-1.0,-1.0,-1.0,-1.0,-1
436,216_2_100_0,-1,-1,-1,-1.0,-1.0,-1.0,-1.0,-1.0,-1
437,216_2_110_0,-1,-1,-1,-1.0,-1.0,-1.0,-1.0,-1.0,-1
438,216_2_111_0,-1,-1,-1,-1.0,-1.0,-1.0,-1.0,-1.0,-1
439,216_2_101_0,-1,-1,-1,-1.0,-1.0,-1.0,-1.0,-1.0,-1
440,216_2_001_0,-1,-1,-1,-1.0,-1.0,-1.0,-1.0,-1.0,-1
441,211_15_100_1,40,-1,20,-1.0,-1.0,-1.0,-1.0,-1.0,-1
442,211_15_110_1,-1,-1,-1,-1.0,-1.0,22.0,-1.0,50.0,-1
443,211_15_111_0,-1,-1,-1,-1.0,-1.0,-1.0,-1.0,-1.0,-1
444,211_15_101_1,-1,74,-1,43.0,-1.0,-1.0,29.0,-1.0,35
445,211_15_001_1,-1,-1,-1,-1.0,45.0,-1.0,-1.0,-1.0,-1
446,82_11_100_0,-1,-1,-1,-1.0,-1.0,-1.0,-1.0,-1.0,-1
447,82_11_110_0,-1,-1,-1,-1.0,-1.0,-1.0,-1.0,-1.0,-1
448,82_11_111_0,-1,-1,-1,-1.0,-1.0,-1.0,-1.0,-1.0,-1
449,82_11_101_0,-1,-1,-1,-1.0,-1.0,-1.0,-1.0,-1.0,-1
450,82_11_001_0,-1,-1,-1,-1.0,-1.0,-1.0,-1.0,-1.0,-1
451,104_6_100_0,-1,-1,-1,-1.0,-1.0,-1.0,-1.0,-1.0,-1
452,104_6_110_0,-1,-1,-1,-1.0,-1.0,-1.0,-1.0,-1.0,-1
453,104_6_111_0,-1,-1,-1,-1.0,-1.0,-1.0,-1.0,-1.0,-1
454,104_6_101_0,-1,-1,-1,-1.0,-1.0,-1.0,-1.0,-1.0,-1
455,104_6_001_0,-1,-1,-1,-1.0,-1.0,-1.0,-1.0,-1.0,-1
456,50_10_100_0,-1,-1,-1,-1.0,-1.0,-1.0,-1.0,-1.0,-1
457,50_10_110_0,-1,-1,-1,-1.0,-1.0,-1.0,-1.0,-1.0,-1
458,50_10_111_0,-1,-1,-1,-1.0,-1.0,-1.0,-1.0,-1.0,-1
459,50_10_101_0,-1,-1,-1,-1.0,-1.0,-1.0,-1.0,-1.0,-1
460,50_10_001_0,-1,-1,-1,-1.0,-1.0,-1.0,-1.0,-1.0,-1
461,273_6_100_1,-1,-1,-1,-1.0,-1.0,-1.0,-1.0,100.0,-1
462,273_6_110_1,-1,-1,-1,42.0,-1.0,-1.0,95.0,-1.0,42
463,273_6_111_1,-1,-1,-1,-1.0,32.0,62.0,-1.0,-1.0,-1
464,273_6_101_1,-1,-1,61,-1.0,-1.0,-1.0,-1.0,-1.0,-1
465,273_6_001_1,58,96,-1,-1.0,-1.0,-1.0,-1.0,-1.0,-1
466,159_12_100_0,-1,-1,-1,-1.0,-1.0,-1.0,-1.0,-1.0,-1
467,159_12_110_0,-1,-1,-1,-1.0,-1.0,-1.0,-1.0,-1.0,-1
468,159_12_111_0,-1,-1,-1,-1.0,-1.0,-1.0,-1.0,-1.0,-1
469,159_12_101_0,-1,-1,-1,-1.0,-1.0,-1.0,-1.0,-1.0,-1
470,159_12_001_0,-1,-1,-1,-1.0,-1.0,-1.0,-1.0,-1.0,-1
471,67_3_100_1,-1,-1,-1,-1.0,-1.0,-1.0,-1.0,88.0,-1
472,67_3_110_1,-1,-1,-1,74.0,-1.0,-1.0,28.0,-1.0,32
473,67_3_111_1,-1,-1,-1,-1.0,71.0,60.0,-1.0,-1.0,-1
474,67_3_101_1,-1,-1,50,-1.0,-1.0,-1.0,-1.0,-1.0,-1
475,67_3_001_1,50,32,-1,-1.0,-1.0,-1.0,-1.0,-1.0,-1
476,289_14_100_1,-1,-1,-1,-1.0,-1.0,-1.0,-1.0,59.0,-1
477,289_14_110_1,-1,-1,-1,77.0,-1.0,-1.0,88.0,-1.0,42
478,289_14_111_1,-1,-1,-1,-1.0,43.0,17.0,-1.0,-1.0,-1
479,289_14_101_1,-1,-1,38,-1.0,-1.0,-1.0,-1.0,-1.0,-1
480,289_14_001_1,59,71,-1,-1.0,-1.0,-1.0,-1.0,-1.0,-1
481,207_12_100_0,-1,-1,-1,-1.0,-1.0,-1.0,-1.0,-1.0,-1
482,207_12_110_0,-1,-1,-1,-1.0,-1.0,-1.0,-1.0,-1.0,-1
483,207_12_111_0,-1,-1,-1,-1.0,-1.0,-1.0,-1.0,-1.0,-1
484,207_12_101_0,-1,-1,-1,-1.0,-1.0,-1.0,-1.0,-1.0,-1
485,207_12_001_0,-1,-1,-1,-1.0,-1.0,-1.0,-1.0,-1.0,-1
486,95_14_100_0,-1,-1,-1,-1.0,-1.0,-1.0,-1.0,-1.0,-1
487,95_14_110_0,-1,-1,-1,-1.0,-1.0,-1.0,-1.0,-1.0,-1
488,95_14_111_0,-1,-1,-1,-1.0,-1.0,-1.0,-1.0,-1.0,-1
489,95_14_101_0,-1,-1,-1,-1.0,-1.0,-1.0,-1.0,-1.0,-1
490,95_14_001_0,-1,-1,-1,-1.0,-1.0,-1.0,-1.0,-1.0,-1
491,299_6_100_0,-1,-1,-1,-1.0,-1.0,-1.0,-1.0,-1.0,-1
492,299_6_110_0,-1,-1,-1,-1.0,-1.0,-1.0,-1.0,-1.0,-1
493,299_6_111_0,-1,-1,-1,-1.0,-1.0,-1.0,-1.0,-1.0,-1
494,299_6_101_0,-1,-1,-1,-1.0,-1.0,-1.0,-1.0,-1.0,-1
495,299_6_001_0,-1,-1,-1,-1.0,-1.0,-1.0,-1.0,-1.0,-1
496,243_5_100_0,-1,-1,-1,-1.0,-1.0,-1.0,-1.0,-1.0,-1
497,243_5_110_0,-1,-1,-1,-1.0,-1.0,-1.0,-1.0,-1.0,-1
498,243_5_111_0,-1,-1,-1,-1.0,-1.0,-1.0,-1.0,-1.0,-1
499,243_5_101_0,-1,-1,-1,-1.0,-1.0,-1.0,-1.0,-1.0,-1
500,243_5_001_0,-1,-1,-1,-1.0,-1.0,-1.0,-1.0,-1.0,-1
501,34_3_100_0,-1,-1,-1,-1.0,-1.0,-1.0,-1.0,-1.0,-1
502,34_3_110_0,-1,-1,-1,-1.0,-1.0,-1.0,-1.0,-1.0,-1
503,34_3_111_0,-1,-1,-1,-1.0,-1.0,-1.0,-1.0,-1.0,-1
504,34_3_101_0,-1,-1,-1,-1.0,-1.0,-1.0,-1.0,-1.0,-1
505,34_3_001_0,-1,-1,-1,-1.0,-1.0,-1.0,-1.0,-1.0,-1
506,185_10_100_0,-1,-1,-1,-1.0,-1.0,-1.0,-1.0,-1.0,-1
507,185_10_110_0,-1,-1,-1,-1.0,-1.0,-1.0,-1.0,-1.0,-1
508,185_10_111_0,-1,-1,-1,-1.0,-1.0,-1.0,-1.0,-1.0,-1
509,185_10_101_0,-1,-1,-1,-1.0,-1.0,-1.0,-1.0,-1.0,-1
510,185_10_001_0,-1,-1,-1,-1.0,-1.0,-1.0,-1.0,-1.0,-1
511,236_15_100_0,-1,-1,-1,-1.0,-1.0,-1.0,-1.0,-1.0,-1
512,236_15_110_0,-1,-1,-1,-1.0,-1.0,-1.0,-1.0,-1.0,-1
513,236_15_111_0,-1,-1,-1,-1.0,-1.0,-1.0,-1.0,-1.0,-1
514,236_15_101_0,-1,-1,-1,-1.0,-1.0,-1.0,-1.0,-1.0,-1
515,236_15_001_0,-1,-1,-1,-1.0,-1.0,-1.0,-1.0,-1.0,-1
516,193_9_100_0,-1,-1,-1,-1.0,-1.0,-1.0,-1.0,-1.0,-1
517,193_9_110_0,-1,-1,-1,-1.0,-1.0,-1.0,-1.0,-1.0,-1
518,193_9_111_0,-1,-1,-1,-1.0,-1.0,-1.0,-1.0,-1.0,-1
519,193_9_101_0,-1,-1,-1,-1.0,-1.0,-1.0,-1.0,-1.0,-1
520,193_9_001_0,-1,-1,-1,-1.0,-1.0,-1.0,-1.0,-1.0,-1
521,279_11_100_0,-1,-1,-1,-1.0,-1.0,-1.0,-1.0,-1.0,-1
522,279_11_110_0,-1,-1,-1,-1.0,-1.0,-1.0,-1.0,-1.0,-1
523,279_11_111_0,-1,-1,-1,-1.0,-1.0,-1.0,-1.0,-1.0,-1
524,279_11_101_0,-1,-1,-1,-1.0,-1.0,-1.0,-1.0,-1.0,-1
525,279_11_001_0,-1,-1,-1,-1.0,-1.0,-1.0,-1.0,-1.0,-1
526,74_4_100_1,-1,-1,-1,-1.0,-1.0,-1.0,-1.0,20.0,-1
527,74_4_110_1,-1,-1,-1,34.0,-1.0,-1.0,33.0,-1.0,13
528,74_4_111_1,-1,-1,-1,-1.0,30.0,10.0,-1.0,-1.0,-1
529,74_4_101_1,-1,-1,6,-1.0,-1.0,-1.0,-1.0,-1.0,-1
530,74_4_001_1,20,2,-1,-1.0,-1.0,-1.0,-1.0,-1.0,-1
531,269_11_100_0,-1,-1,-1,-1.0,-1.0,-1.0,-1.0,-1.0,-1
532,269_11_110_0,-1,-1,-1,-1.0,-1.0,-1.0,-1.0,-1.0,-1
533,269_11_111_0,-1,-1,-1,-1.0,-1.0,-1.0,-1.0,-1.0,-1
534,269_11_101_0,-1,-1,-1,-1.0,-1.0,-1.0,-1.0,-1.0,-1
535,269_11_001_0,-1,-1,-1,-1.0,-1.0,-1.0,-1.0,-1.0,-1
536,234_8_100_0,-1,-1,-1,-1.0,-1.0,-1.0,-1.0,-1.0,-1
537,234_8_110_0,-1,-1,-1,-1.0,-1.0,-1.0,-1.0,-1.0,-1
538,234_8_111_0,-1,-1,-1,-1.0,-1.0,-1.0,-1.0,-1.0,-1
539,234_8_101_0,-1,-1,-1,-1.0,-1.0,-1.0,-1.0,-1.0,-1
540,234_8_001_0,-1,-1,-1,-1.0,-1.0,-1.0,-1.0,-1.0,-1
541,180_4_100_1,75,-1,28,-1.0,-1.0,-1.0,-1.0,-1.0,-1
542,180_4_110_1,-1,-1,-1,-1.0,-1.0,71.0,-1.0,69.0,-1
543,180_4_111_0,-1,-1,-1,-1.0,-1.0,-1.0,-1.0,-1.0,-1
544,180_4_101_1,-1,92,-1,63.0,-1.0,-1.0,65.0,-1.0,58
545,180_4_001_1,-1,-1,-1,-1.0,61.0,-1.0,-1.0,-1.0,-1
546,277_2_100_0,-1,-1,-1,-1.0,-1.0,-1.0,-1.0,-1.0,-1
547,277_2_110_0,-1,-1,-1,-1.0,-1.0,-1.0,-1.0,-1.0,-1
548,277_2_111_0,-1,-1,-1,-1.0,-1.0,-1.0,-1.0,-1.0,-1
549,277_2_101_0,-1,-1,-1,-1.0,-1.0,-1.0,-1.0,-1.0,-1
550,277_2_001_0,-1,-1,-1,-1.0,-1.0,-1.0,-1.0,-1.0,-1
551,205_9_100_0,-1,-1,-1,-1.0,-1.0,-1.0,-1.0,-1.0,-1
552,205_9_110_0,-1,-1,-1,-1.0,-1.0,-1.0,-1.0,-1.0,-1
553,205_9_111_0,-1,-1,-1,-1.0,-1.0,-1.0,-1.0,-1.0,-1
554,205_9_101_0,-1,-1,-1,-1.0,-1.0,-1.0,-1.0,-1.0,-1
555,205_9_001_0,-1,-1,-1,-1.0,-1.0,-1.0,-1.0,-1.0,-1
556,49_7_100_0,-1,-1,-1,-1.0,-1.0,-1.0,-1.0,-1.0,-1
557,49_7_110_0,-1,-1,-1,-1.0,-1.0,-1.0,-1.0,-1.0,-1
558,49_7_111_0,-1,-1,-1,-1.0,-1.0,-1.0,-1.0,-1.0,-1
559,49_7_101_0,-1,-1,-1,-1.0,-1.0,-1.0,-1.0,-1.0,-1
560,49_7_001_0,-1,-1,-1,-1.0,-1.0,-1.0,-1.0,-1.0,-1
561,109_13_100_0,-1,-1,-1,-1.0,-1.0,-1.0,-1.0,-1.0,-1
562,109_13_110_0,-1,-1,-1,-1.0,-1.0,-1.0,-1.0,-1.0,-1
563,109_13_111_0,-1,-1,-1,-1.0,-1.0,-1.0,-1.0,-1.0,-1
564,109_13_101_0,-1,-1,-1,-1.0,-1.0,-1.0,-1.0,-1.0,-1
565,109_13_001_0,-1,-1,-1,-1.0,-1.0,-1.0,-1.0,-1.0,-1
566,100_1_100_1,69,-1,26,-1.0,-1.0,-1.0,-1.0,-1.0,-1
567,100_1_110_1,-1,-1,-1,-1.0,-1.0,50.0,-1.0,80.0,-1
568,100_1_111_0,-1,-1,-1,-1.0,-1.0,-1.0,-1.0,-1.0,-1
569,100_1_101_1,-1,90,-1,69.0,-1.0,-1.0,9.0,-1.0,44
570,100_1_001_1,-1,-1,-1,-1.0,62.0,-1.0,-1.0,-1.0,-1
571,18_6_100_0,-1,-1,-1,-1.0,-1.0,-1.0,-1.0,-1.0,-1
572,18_6_110_0,-1,-1,-1,-1.0,-1.0,-1.0,-1.0,-1.0,-1
573,18_6_111_0,-1,-1,-1,-1.0,-1.0,-1.0,-1.0,-1.0,-1
574,18_6_101_0,-1,-1,-1,-1.0,-1.0,-1.0,-1.0,-1.0,-1
575,18_6_001_0,-1,-1,-1,-1.0,-1.0,-1.0,-1.0,-1.0,-1
576,278_14_100_1,-1,96,-1,66.0,34.0,-1.0,-1.0,-1.0,-1
577,278_14_110_0,-1,-1,-1,-1.0,-1.0,-1.0,-1.0,-1.0,-1
578,278_14_111_1,67,-1,50,-1.0,-1.0,-1.0,19.0,-1.0,19
579,278_14_101_1,-1,-1,-1,-1.0,-1.0,49.0,-1.0,44.0,-1
580,278_14_001_0,-1,-1,-1,-1.0,-1.0,-1.0,-1.0,-1.0,-1
581,148_4_100_1,-1,-1,-1,-1.0,-1.0,-1.0,18.0,-1.0,13
582,148_4_110_1,17,4,-1,-1.0,-1.0,-1.0,-1.0,-1.0,-1
583,148_4_111_1,-1,-1,-1,64.0,-1.0,-1.0,-1.0,-1.0,-1
584,148_4_101_1,-1,-1,-1,-1.0,27.0,-1.0,-1.0,-1.0,-1
585,148_4_001_1,-1,-1,20,-1.0,-1.0,72.0,-1.0,50.0,-1
586,108_3_100_1,-1,79,-1,83.0,36.0,-1.0,-1.0,-1.0,-1
587,108_3_110_0,-1,-1,-1,-1.0,-1.0,-1.0,-1.0,-1.0,-1
588,108_3_111_1,53,-1,36,-1.0,-1.0,-1.0,61.0,-1.0,12
589,108_3_101_1,-1,-1,-1,-1.0,-1.0,25.0,-1.0,51.0,-1
590,108_3_001_0,-1,-1,-1,-1.0,-1.0,-1.0,-1.0,-1.0,-1
591,294_13_100_0,-1,-1,-1,-1.0,-1.0,-1.0,-1.0,-1.0,-1
592,294_13_110_0,-1,-1,-1,-1.0,-1.0,-1.0,-1.0,-1.0,-1
593,294_13_111_0,-1,-1,-1,-1.0,-1.0,-1.0,-1.0,-1.0,-1
594,294_13_101_0,-1,-1,-1,-1.0,-1.0,-1.0,-1.0,-1.0,-1
595,294_13_001_0,-1,-1,-1,-1.0,-1.0,-1.0,-1.0,-1.0,-1
596,59_2_100_0,-1,-1,-1,-1.0,-1.0,-1.0,-1.0,-1.0,-1
597,59_2_110_0,-1,-1,-1,-1.0,-1.0,-1.0,-1.0,-1.0,-1
598,59_2_111_0,-1,-1,-1,-1.0,-1.0,-1.0,-1.0,-1.0,-1
599,59_2_101_0,-1,-1,-1,-1.0,-1.0,-1.0,-1.0,-1.0,-1
600,59_2_001_0,-1,-1,-1,-1.0,-1.0,-1.0,-1.0,-1.0,-1
601,116_15_100_1,-1,-1,-1,-1.0,-1.0,-1.0,-1.0,74.0,-1
602,116_15_110_1,-1,-1,-1,66.0,-1.0,-1.0,90.0,-1.0,33
603,116_15_111_1,-1,-1,-1,-1.0,46.0,21.0,-1.0,-1.0,-1
604,116_15_101_1,-1,-1,19,-1.0,-1.0,-1.0,-1.0,-1.0,-1
605,116_15_001_1,39,69,-1,-1.0,-1.0,-1.0,-1.0,-1.0,-1
606,283_14_100_0,-1,-1,-1,-1.0,-1.0,-1.0,-1.0,-1.0,-1
607,283_14_110_0,-1,-1,-1,-1.0,-1.0,-1.0,-1.0,-1.0,-1
608,283_14_111_0,-1,-1,-1,-1.0,-1.0,-1.0,-1.0,-1.0,-1
609,283_14_101_0,-1,-1,-1,-1.0,-1.0,-1.0,-1.0,-1.0,-1
610,283_14_001_0,-1,-1,-1,-1.0,-1.0,-1.0,-1.0,-1.0,-1
611,267_15_100_1,-1,-1,-1,-1.0,-1.0,13.0,-1.0,-1.0,-1
612,267_15_110_1,-1,-1,50,-1.0,40.0,-1.0,-1.0,-1.0,-1
613,267_15_111_1,-1,88,-1,-1.0,-1.0,-1.0,-1.0,68.0,-1
614,267_15_101_1,67,-1,-1,-1.0,-1.0,-1.0,-1.0,-1.0,-1
615,267_15_001_1,-1,-1,-1,74.0,-1.0,-1.0,69.0,-1.0,62
616,142_15_100_0,-1,-1,-1,-1.0,-1.0,-1.0,-1.0,-1.0,-1
617,142_15_110_0,-1,-1,-1,-1.0,-1.0,-1.0,-1.0,-1.0,-1
618,142_15_111_0,-1,-1,-1,-1.0,-1.0,-1.0,-1.0,-1.0,-1
619,142_15_101_0,-1,-1,-1,-1.0,-1.0,-1.0,-1.0,-1.0,-1
620,142_15_001_0,-1,-1,-1,-1.0,-1.0,-1.0,-1.0,-1.0,-1
621,221_7_100_1,-1,-1,-1,-1.0,-1.0,-1.0,21.0,-1.0,73
622,221_7_110_1,63,78,-1,-1.0,-1.0,-1.0,-1.0,-1.0,-1
623,221_7_111_1,-1,-1,-1,66.0,-1.0,-1.0,-1.0,-1.0,-1
624,221_7_101_1,-1,-1,-1,-1.0,46.0,-1.0,-1.0,-1.0,-1
625,221_7_001_1,-1,-1,71,-1.0,-1.0,65.0,-1.0,74.0,-1
626,230_4_100_0,-1,-1,-1,-1.0,-1.0,-1.0,-1.0,-1.0,-1
627,230_4_110_0,-1,-1,-1,-1.0,-1.0,-1.0,-1.0,-1.0,-1
628,230_4_111_0,-1,-1,-1,-1.0,-1.0,-1.0,-1.0,-1.0,-1
629,230_4_101_0,-1,-1,-1,-1.0,-1.0,-1.0,-1.0,-1.0,-1
630,230_4_001_0,-1,-1,-1,-1.0,-1.0,-1.0,-1.0,-1.0,-1
631,45_14_100_1,80,-1,50,-1.0,-1.0,-1.0,-1.0,-1.0,-1
632,45_14_110_1,-1,-1,-1,-1.0,-1.0,84.0,-1.0,56.0,-1
633,45_14_111_0,-1,-1,-1,-1.0,-1.0,-1.0,-1.0,-1.0,-1
634,45_14_101_1,-1,80,-1,75.0,-1.0,-1.0,72.0,-1.0,58
635,45_14_001_1,-1,-1,-1,-1.0,69.0,-1.0,-1.0,-1.0,-1
636,226_6_100_1,97,-1,65,-1.0,-1.0,-1.0,-1.0,-1.0,-1
637,226_6_110_1,-1,-1,-1,-1.0,-1.0,100.0,-1.0,82.0,-1
638,226_6_111_0,-1,-1,-1,-1.0,-1.0,-1.0,-1.0,-1.0,-1
639,226_6_101_1,-1,98,-1,79.0,-1.0,-1.0,69.0,-1.0,67
640,226_6_001_1,-1,-1,-1,-1.0,58.0,-1.0,-1.0,-1.0,-1
641,111_10_100_0,-1,-1,-1,-1.0,-1.0,-1.0,-1.0,-1.0,-1
642,111_10_110_0,-1,-1,-1,-1.0,-1.0,-1.0,-1.0,-1.0,-1
643,111_10_111_0,-1,-1,-1,-1.0,-1.0,-1.0,-1.0,-1.0,-1
644,111_10_101_0,-1,-1,-1,-1.0,-1.0,-1.0,-1.0,-1.0,-1
645,111_10_001_0,-1,-1,-1,-1.0,-1.0,-1.0,-1.0,-1.0,-1
646,204_2_100_0,-1,-1,-1,-1.0,-1.0,-1.0,-1.0,-1.0,-1
647,204_2_110_0,-1,-1,-1,-1.0,-1.0,-1.0,-1.0,-1.0,-1
648,204_2_111_0,-1,-1,-1,-1.0,-1.0,-1.0,-1.0,-1.0,-1
649,204_2_101_0,-1,-1,-1,-1.0,-1.0,-1.0,-1.0,-1.0,-1
650,204_2_001_0,-1,-1,-1,-1.0,-1.0,-1.0,-1.0,-1.0,-1
651,175_2_100_0,-1,-1,-1,-1.0,-1.0,-1.0,-1.0,-1.0,-1
652,175_2_110_0,-1,-1,-1,-1.0,-1.0,-1.0,-1.0,-1.0,-1
653,175_2_111_0,-1,-1,-1,-1.0,-1.0,-1.0,-1.0,-1.0,-1
654,175_2_101_0,-1,-1,-1,-1.0,-1.0,-1.0,-1.0,-1.0,-1
655,175_2_001_0,-1,-1,-1,-1.0,-1.0,-1.0,-1.0,-1.0,-1
656,26_15_100_0,-1,-1,-1,-1.0,-1.0,-1.0,-1.0,-1.0,-1
657,26_15_110_0,-1,-1,-1,-1.0,-1.0,-1.0,-1.0,-1.0,-1
658,26_15_111_0,-1,-1,-1,-1.0,-1.0,-1.0,-1.0,-1.0,-1
659,26_15_101_0,-1,-1,-1,-1.0,-1.0,-1.0,-1.0,-1.0,-1
660,26_15_001_0,-1,-1,-1,-1.0,-1.0,-1.0,-1.0,-1.0,-1
661,276_11_100_0,-1,-1,-1,-1.0,-1.0,-1.0,-1.0,-1.0,-1
662,276_11_110_0,-1,-1,-1,-1.0,-1.0,-1.0,-1.0,-1.0,-1
663,276_11_111_0,-1,-1,-1,-1.0,-1.0,-1.0,-1.0,-1.0,-1
664,276_11_101_0,-1,-1,-1,-1.0,-1.0,-1.0,-1.0,-1.0,-1
665,276_11_001_0,-1,-1,-1,-1.0,-1.0,-1.0,-1.0,-1.0,-1
666,296_8_100_1,-1,-1,-1,-1.0,-1.0,-1.0,-1.0,80.0,-1
667,296_8_110_1,-1,-1,-1,63.0,-1.0,-1.0,12.0,-1.0,5
668,296_8_111_1,-1,-1,-1,-1.0,19.0,-1.0,-1.0,-1.0,-1
669,296_8_101_1,-1,-1,37,-1.0,-1.0,-1.0,-1.0,-1.0,-1
670,296_8_001_1,19,29,-1,-1.0,-1.0,-1.0,-1.0,-1.0,-1
671,22_3_100_0,-1,-1,-1,-1.0,-1.0,-1.0,-1.0,-1.0,-1
672,22_3_110_0,-1,-1,-1,-1.0,-1.0,-1.0,-1.0,-1.0,-1
673,22_3_111_0,-1,-1,-1,-1.0,-1.0,-1.0,-1.0,-1.0,-1
674,22_3_101_0,-1,-1,-1,-1.0,-1.0,-1.0,-1.0,-1.0,-1
675,22_3_001_0,-1,-1,-1,-1.0,-1.0,-1.0,-1.0,-1.0,-1
676,233_13_100_0,-1,-1,-1,-1.0,-1.0,-1.0,-1.0,-1.0,-1
677,233_13_110_0,-1,-1,-1,-1.0,-1.0,-1.0,-1.0,-1.0,-1
678,233_13_111_0,-1,-1,-1,-1.0,-1.0,-1.0,-1.0,-1.0,-1
679,233_13_101_0,-1,-1,-1,-1.0,-1.0,-1.0,-1.0,-1.0,-1
680,233_13_001_0,-1,-1,-1,-1.0,-1.0,-1.0,-1.0,-1.0,-1
681,17_9_100_1,-1,-1,-1,-1.0,-1.0,7.0,-1.0,-1.0,-1
682,17_9_110_1,-1,-1,50,-1.0,34.0,-1.0,-1.0,-1.0,-1
683,17_9_111_1,-1,69,-1,-1.0,-1.0,-1.0,-1.0,16.0,-1
684,17_9_101_1,73,-1,-1,-1.0,-1.0,-1.0,-1.0,-1.0,-1
685,17_9_001_1,-1,-1,-1,69.0,-1.0,-1.0,13.0,-1.0,4
686,235_1_100_0,-1,-1,-1,-1.0,-1.0,-1.0,-1.0,-1.0,-1
687,235_1_110_0,-1,-1,-1,-1.0,-1.0,-1.0,-1.0,-1.0,-1
688,235_1_111_0,-1,-1,-1,-1.0,-1.0,-1.0,-1.0,-1.0,-1
689,235_1_101_0,-1,-1,-1,-1.0,-1.0,-1.0,-1.0,-1.0,-1
690,235_1_001_0,-1,-1,-1,-1.0,-1.0,-1.0,-1.0,-1.0,-1
691,129_5_100_1,-1,-1,-1,-1.0,-1.0,-1.0,-1.0,87.0,-1
692,129_5_110_1,-1,-1,-1,81.0,-1.0,-1.0,59.0,-1.0,23
693,129_5_111_1,-1,-1,-1,-1.0,39.0,83.0,-1.0,-1.0,-1
694,129_5_101_1,-1,-1,58,-1.0,-1.0,-1.0,-1.0,-1.0,-1
695,129_5_001_1,66,66,-1,-1.0,-1.0,-1.0,-1.0,-1.0,-1
696,29_12_100_1,-1,42,-1,66.0,67.0,-1.0,-1.0,-1.0,-1
697,29_12_110_0,-1,-1,-1,-1.0,-1.0,-1.0,-1.0,-1.0,-1
698,29_12_111_1,50,-1,32,-1.0,-1.0,-1.0,94.0,-1.0,15
699,29_12_101_1,-1,-1,-1,-1.0,-1.0,20.0,-1.0,67.0,-1
700,29_12_001_0,-1,-1,-1,-1.0,-1.0,-1.0,-1.0,-1.0,-1
701,140_15_100_0,-1,-1,-1,-1.0,-1.0,-1.0,-1.0,-1.0,-1
702,140_15_110_0,-1,-1,-1,-1.0,-1.0,-1.0,-1.0,-1.0,-1
703,140_15_111_0,-1,-1,-1,-1.0,-1.0,-1.0,-1.0,-1.0,-1
704,140_15_101_0,-1,-1,-1,-1.0,-1.0,-1.0,-1.0,-1.0,-1
705,140_15_001_0,-1,-1,-1,-1.0,-1.0,-1.0,-1.0,-1.0,-1
706,240_13_100_0,-1,-1,-1,-1.0,-1.0,-1.0,-1.0,-1.0,-1
707,240_13_110_0,-1,-1,-1,-1.0,-1.0,-1.0,-1.0,-1.0,-1
708,240_13_111_0,-1,-1,-1,-1.0,-1.0,-1.0,-1.0,-1.0,-1
709,240_13_101_0,-1,-1,-1,-1.0,-1.0,-1.0,-1.0,-1.0,-1
710,240_13_001_0,-1,-1,-1,-1.0,-1.0,-1.0,-1.0,-1.0,-1
711,71_7_100_1,-1,-1,-1,-1.0,-1.0,50.0,-1.0,-1.0,-1
712,71_7_110_1,-1,-1,29,-1.0,72.0,-1.0,-1.0,-1.0,-1
713,71_7_111_1,-1,90,-1,-1.0,-1.0,-1.0,-1.0,52.0,-1
714,71_7_101_1,82,-1,-1,-1.0,-1.0,-1.0,-1.0,-1.0,-1
715,71_7_001_1,-1,-1,-1,69.0,-1.0,-1.0,95.0,-1.0,54
716,244_11_100_0,-1,-1,-1,-1.0,-1.0,-1.0,-1.0,-1.0,-1
717,244_11_110_0,-1,-1,-1,-1.0,-1.0,-1.0,-1.0,-1.0,-1
718,244_11_111_0,-1,-1,-1,-1.0,-1.0,-1.0,-1.0,-1.0,-1
719,244_11_101_0,-1,-1,-1,-1.0,-1.0,-1.0,-1.0,-1.0,-1
720,244_11_001_0,-1,-1,-1,-1.0,-1.0,-1.0,-1.0,-1.0,-1
721,225_11_100_0,-1,-1,-1,-1.0,-1.0,-1.0,-1.0,-1.0,-1
722,225_11_110_0,-1,-1,-1,-1.0,-1.0,-1.0,-1.0,-1.0,-1
723,225_11_111_0,-1,-1,-1,-1.0,-1.0,-1.0,-1.0,-1.0,-1
724,225_11_101_0,-1,-1,-1,-1.0,-1.0,-1.0,-1.0,-1.0,-1
725,225_11_001_0,-1,-1,-1,-1.0,-1.0,-1.0,-1.0,-1.0,-1
726,261_6_100_0,-1,-1,-1,-1.0,-1.0,-1.0,-1.0,-1.0,-1
727,261_6_110_0,-1,-1,-1,-1.0,-1.0,-1.0,-1.0,-1.0,-1
728,261_6_111_0,-1,-1,-1,-1.0,-1.0,-1.0,-1.0,-1.0,-1
729,261_6_101_0,-1,-1,-1,-1.0,-1.0,-1.0,-1.0,-1.0,-1
730,261_6_001_0,-1,-1,-1,-1.0,-1.0,-1.0,-1.0,-1.0,-1
731,89_2_100_1,-1,-1,-1,-1.0,-1.0,30.0,-1.0,-1.0,-1
732,89_2_110_1,-1,-1,31,-1.0,37.0,-1.0,-1.0,-1.0,-1
733,89_2_111_1,-1,84,-1,-1.0,-1.0,-1.0,-1.0,74.0,-1
734,89_2_101_1,62,-1,-1,-1.0,-1.0,-1.0,-1.0,-1.0,-1
735,89_2_001_1,-1,-1,-1,75.0,-1.0,-1.0,72.0,-1.0,61
736,16_15_100_0,-1,-1,-1,-1.0,-1.0,-1.0,-1.0,-1.0,-1
737,16_15_110_0,-1,-1,-1,-1.0,-1.0,-1.0,-1.0,-1.0,-1
738,16_15_111_0,-1,-1,-1,-1.0,-1.0,-1.0,-1.0,-1.0,-1
739,16_15_101_0,-1,-1,-1,-1.0,-1.0,-1.0,-1.0,-1.0,-1
740,16_15_001_0,-1,-1,-1,-1.0,-1.0,-1.0,-1.0,-1.0,-1
741,206_8_100_0,-1,-1,-1,-1.0,-1.0,-1.0,-1.0,-1.0,-1
742,206_8_110_0,-1,-1,-1,-1.0,-1.0,-1.0,-1.0,-1.0,-1
743,206_8_111_0,-1,-1,-1,-1.0,-1.0,-1.0,-1.0,-1.0,-1
744,206_8_101_0,-1,-1,-1,-1.0,-1.0,-1.0,-1.0,-1.0,-1
745,206_8_001_0,-1,-1,-1,-1.0,-1.0,-1.0,-1.0,-1.0,-1
746,38_4_100_0,-1,-1,-1,-1.0,-1.0,-1.0,-1.0,-1.0,-1
747,38_4_110_0,-1,-1,-1,-1.0,-1.0,-1.0,-1.0,-1.0,-1
748,38_4_111_0,-1,-1,-1,-1.0,-1.0,-1.0,-1.0,-1.0,-1
749,38_4_101_0,-1,-1,-1,-1.0,-1.0,-1.0,-1.0,-1.0,-1
750,38_4_001_0,-1,-1,-1,-1.0,-1.0,-1.0,-1.0,-1.0,-1
751,144_11_100_0,-1,-1,-1,-1.0,-1.0,-1.0,-1.0,-1.0,-1
752,144_11_110_0,-1,-1,-1,-1.0,-1.0,-1.0,-1.0,-1.0,-1
753,144_11_111_0,-1,-1,-1,-1.0,-1.0,-1.0,-1.0,-1.0,-1
754,144_11_101_0,-1,-1,-1,-1.0,-1.0,-1.0,-1.0,-1.0,-1
755,144_11_001_0,-1,-1,-1,-1.0,-1.0,-1.0,-1.0,-1.0,-1
756,126_13_100_0,-1,-1,-1,-1.0,-1.0,-1.0,-1.0,-1.0,-1
757,126_13_110_0,-1,-1,-1,-1.0,-1.0,-1.0,-1.0,-1.0,-1
758,126_13_111_0,-1,-1,-1,-1.0,-1.0,-1.0,-1.0,-1.0,-1
759,126_13_101_0,-1,-1,-1,-1.0,-1.0,-1.0,-1.0,-1.0,-1
760,126_13_001_0,-1,-1,-1,-1.0,-1.0,-1.0,-1.0,-1.0,-1
761,182_7_100_0,-1,-1,-1,-1.0,-1.0,-1.0,-1.0,-1.0,-1
762,182_7_110_0,-1,-1,-1,-1.0,-1.0,-1.0,-1.0,-1.0,-1
763,182_7_111_0,-1,-1,-1,-1.0,-1.0,-1.0,-1.0,-1.0,-1
764,182_7_101_0,-1,-1,-1,-1.0,-1.0,-1.0,-1.0,-1.0,-1
765,182_7_001_0,-1,-1,-1,-1.0,-1.0,-1.0,-1.0,-1.0,-1
766,128_5_100_1,-1,-1,-1,-1.0,-1.0,-1.0,95.0,-1.0,81
767,128_5_110_1,67,100,-1,-1.0,-1.0,-1.0,-1.0,-1.0,-1
768,128_5_111_1,-1,-1,-1,87.0,-1.0,-1.0,-1.0,-1.0,-1
769,128_5_101_1,-1,-1,-1,-1.0,61.0,-1.0,-1.0,-1.0,-1
770,128_5_001_1,-1,-1,64,-1.0,-1.0,100.0,-1.0,83.0,-1
771,62_8_100_0,-1,-1,-1,-1.0,-1.0,-1.0,-1.0,-1.0,-1
772,62_8_110_0,-1,-1,-1,-1.0,-1.0,-1.0,-1.0,-1.0,-1
773,62_8_111_0,-1,-1,-1,-1.0,-1.0,-1.0,-1.0,-1.0,-1
774,62_8_101_0,-1,-1,-1,-1.0,-1.0,-1.0,-1.0,-1.0,-1
775,62_8_001_0,-1,-1,-1,-1.0,-1.0,-1.0,-1.0,-1.0,-1
776,202_9_100_0,-1,-1,-1,-1.0,-1.0,-1.0,-1.0,-1.0,-1
777,202_9_110_0,-1,-1,-1,-1.0,-1.0,-1.0,-1.0,-1.0,-1
778,202_9_111_0,-1,-1,-1,-1.0,-1.0,-1.0,-1.0,-1.0,-1
779,202_9_101_0,-1,-1,-1,-1.0,-1.0,-1.0,-1.0,-1.0,-1
780,202_9_001_0,-1,-1,-1,-1.0,-1.0,-1.0,-1.0,-1.0,-1
781,105_14_100_0,-1,-1,-1,-1.0,-1.0,-1.0,-1.0,-1.0,-1
782,105_14_110_0,-1,-1,-1,-1.0,-1.0,-1.0,-1.0,-1.0,-1
783,105_14_111_0,-1,-1,-1,-1.0,-1.0,-1.0,-1.0,-1.0,-1
784,105_14_101_0,-1,-1,-1,-1.0,-1.0,-1.0,-1.0,-1.0,-1
785,105_14_001_0,-1,-1,-1,-1.0,-1.0,-1.0,-1.0,-1.0,-1
786,90_15_100_0,-1,-1,-1,-1.0,-1.0,-1.0,-1.0,-1.0,-1
787,90_15_110_0,-1,-1,-1,-1.0,-1.0,-1.0,-1.0,-1.0,-1
788,90_15_111_0,-1,-1,-1,-1.0,-1.0,-1.0,-1.0,-1.0,-1
789,90_15_101_0,-1,-1,-1,-1.0,-1.0,-1.0,-1.0,-1.0,-1
790,90_15_001_0,-1,-1,-1,-1.0,-1.0,-1.0,-1.0,-1.0,-1
791,264_2_100_0,-1,-1,-1,-1.0,-1.0,-1.0,-1.0,-1.0,-1
792,264_2_110_0,-1,-1,-1,-1.0,-1.0,-1.0,-1.0,-1.0,-1
793,264_2_111_0,-1,-1,-1,-1.0,-1.0,-1.0,-1.0,-1.0,-1
794,264_2_101_0,-1,-1,-1,-1.0,-1.0,-1.0,-1.0,-1.0,-1
795,264_2_001_0,-1,-1,-1,-1.0,-1.0,-1.0,-1.0,-1.0,-1
796,295_15_100_0,-1,-1,-1,-1.0,-1.0,-1.0,-1.0,-1.0,-1
797,295_15_110_0,-1,-1,-1,-1.0,-1.0,-1.0,-1.0,-1.0,-1
798,295_15_111_0,-1,-1,-1,-1.0,-1.0,-1.0,-1.0,-1.0,-1
799,295_15_101_0,-1,-1,-1,-1.0,-1.0,-1.0,-1.0,-1.0,-1
800,295_15_001_0,-1,-1,-1,-1.0,-1.0,-1.0,-1.0,-1.0,-1
801,241_14_100_0,-1,-1,-1,-1.0,-1.0,-1.0,-1.0,-1.0,-1
802,241_14_110_0,-1,-1,-1,-1.0,-1.0,-1.0,-1.0,-1.0,-1
803,241_14_111_0,-1,-1,-1,-1.0,-1.0,-1.0,-1.0,-1.0,-1
804,241_14_101_0,-1,-1,-1,-1.0,-1.0,-1.0,-1.0,-1.0,-1
805,241_14_001_0,-1,-1,-1,-1.0,-1.0,-1.0,-1.0,-1.0,-1
806,153_11_100_0,-1,-1,-1,-1.0,-1.0,-1.0,-1.0,-1.0,-1
807,153_11_110_0,-1,-1,-1,-1.0,-1.0,-1.0,-1.0,-1.0,-1
808,153_11_111_0,-1,-1,-1,-1.0,-1.0,-1.0,-1.0,-1.0,-1
809,153_11_101_0,-1,-1,-1,-1.0,-1.0,-1.0,-1.0,-1.0,-1
810,153_11_001_0,-1,-1,-1,-1.0,-1.0,-1.0,-1.0,-1.0,-1
811,179_6_100_0,-1,-1,-1,-1.0,-1.0,-1.0,-1.0,-1.0,-1
812,179_6_110_0,-1,-1,-1,-1.0,-1.0,-1.0,-1.0,-1.0,-1
813,179_6_111_0,-1,-1,-1,-1.0,-1.0,-1.0,-1.0,-1.0,-1
814,179_6_101_0,-1,-1,-1,-1.0,-1.0,-1.0,-1.0,-1.0,-1
815,179_6_001_0,-1,-1,-1,-1.0,-1.0,-1.0,-1.0,-1.0,-1
816,186_2_100_1,-1,96,-1,86.0,83.0,-1.0,-1.0,-1.0,-1
817,186_2_110_0,-1,-1,-1,-1.0,-1.0,-1.0,-1.0,-1.0,-1
818,186_2_111_1,74,-1,50,-1.0,-1.0,-1.0,76.0,-1.0,61
819,186_2_101_1,-1,-1,-1,-1.0,-1.0,61.0,-1.0,88.0,-1
820,186_2_001_0,-1,-1,-1,-1.0,-1.0,-1.0,-1.0,-1.0,-1
821,208_12_100_1,-1,-1,-1,-1.0,-1.0,-1.0,100.0,-1.0,83
822,208_12_110_1,60,60,-1,-1.0,-1.0,-1.0,-1.0,-1.0,-1
823,208_12_111_1,-1,-1,-1,76.0,-1.0,-1.0,-1.0,-1.0,-1
824,208_12_101_1,-1,-1,-1,-1.0,38.0,-1.0,-1.0,-1.0,-1
825,208_12_001_1,-1,-1,25,-1.0,-1.0,100.0,-1.0,49.0,-1
826,297_3_100_0,-1,-1,-1,-1.0,-1.0,-1.0,-1.0,-1.0,-1
827,297_3_110_0,-1,-1,-1,-1.0,-1.0,-1.0,-1.0,-1.0,-1
828,297_3_111_0,-1,-1,-1,-1.0,-1.0,-1.0,-1.0,-1.0,-1
829,297_3_101_0,-1,-1,-1,-1.0,-1.0,-1.0,-1.0,-1.0,-1
830,297_3_001_0,-1,-1,-1,-1.0,-1.0,-1.0,-1.0,-1.0,-1
831,282_6_100_0,-1,-1,-1,-1.0,-1.0,-1.0,-1.0,-1.0,-1
832,282_6_110_0,-1,-1,-1,-1.0,-1.0,-1.0,-1.0,-1.0,-1
833,282_6_111_0,-1,-1,-1,-1.0,-1.0,-1.0,-1.0,-1.0,-1
834,282_6_101_0,-1,-1,-1,-1.0,-1.0,-1.0,-1.0,-1.0,-1
835,282_6_001_0,-1,-1,-1,-1.0,-1.0,-1.0,-1.0,-1.0,-1
836,2_4_100_1,-1,71,-1,64.0,35.0,-1.0,-1.0,-1.0,-1
837,2_4_110_0,-1,-1,-1,-1.0,-1.0,-1.0,-1.0,-1.0,-1
838,2_4_111_1,34,-1,20,-1.0,-1.0,-1.0,33.0,-1.0,26
839,2_4_101_1,-1,-1,-1,-1.0,-1.0,15.0,-1.0,57.0,-1
840,2_4_001_0,-1,-1,-1,-1.0,-1.0,-1.0,-1.0,-1.0,-1
841,298_13_100_0,-1,-1,-1,-1.0,-1.0,-1.0,-1.0,-1.0,-1
842,298_13_110_0,-1,-1,-1,-1.0,-1.0,-1.0,-1.0,-1.0,-1
843,298_13_111_0,-1,-1,-1,-1.0,-1.0,-1.0,-1.0,-1.0,-1
844,298_13_101_0,-1,-1,-1,-1.0,-1.0,-1.0,-1.0,-1.0,-1
845,298_13_001_0,-1,-1,-1,-1.0,-1.0,-1.0,-1.0,-1.0,-1
846,161_3_100_0,-1,-1,-1,-1.0,-1.0,-1.0,-1.0,-1.0,-1
847,161_3_110_0,-1,-1,-1,-1.0,-1.0,-1.0,-1.0,-1.0,-1
848,161_3_111_0,-1,-1,-1,-1.0,-1.0,-1.0,-1.0,-1.0,-1
849,161_3_101_0,-1,-1,-1,-1.0,-1.0,-1.0,-1.0,-1.0,-1
850,161_3_001_0,-1,-1,-1,-1.0,-1.0,-1.0,-1.0,-1.0,-1
851,33_11_100_0,-1,-1,-1,-1.0,-1.0,-1.0,-1.0,-1.0,-1
852,33_11_110_0,-1,-1,-1,-1.0,-1.0,-1.0,-1.0,-1.0,-1
853,33_11_111_0,-1,-1,-1,-1.0,-1.0,-1.0,-1.0,-1.0,-1
854,33_11_101_0,-1,-1,-1,-1.0,-1.0,-1.0,-1.0,-1.0,-1
855,33_11_001_0,-1,-1,-1,-1.0,-1.0,-1.0,-1.0,-1.0,-1
856,78_9_100_0,-1,-1,-1,-1.0,-1.0,-1.0,-1.0,-1.0,-1
857,78_9_110_0,-1,-1,-1,-1.0,-1.0,-1.0,-1.0,-1.0,-1
858,78_9_111_0,-1,-1,-1,-1.0,-1.0,-1.0,-1.0,-1.0,-1
859,78_9_101_0,-1,-1,-1,-1.0,-1.0,-1.0,-1.0,-1.0,-1
860,78_9_001_0,-1,-1,-1,-1.0,-1.0,-1.0,-1.0,-1.0,-1
861,286_14_100_0,-1,-1,-1,-1.0,-1.0,-1.0,-1.0,-1.0,-1
862,286_14_110_0,-1,-1,-1,-1.0,-1.0,-1.0,-1.0,-1.0,-1
863,286_14_111_0,-1,-1,-1,-1.0,-1.0,-1.0,-1.0,-1.0,-1
864,286_14_101_0,-1,-1,-1,-1.0,-1.0,-1.0,-1.0,-1.0,-1
865,286_14_001_0,-1,-1,-1,-1.0,-1.0,-1.0,-1.0,-1.0,-1
866,70_15_100_0,-1,-1,-1,-1.0,-1.0,-1.0,-1.0,-1.0,-1
867,70_15_110_0,-1,-1,-1,-1.0,-1.0,-1.0,-1.0,-1.0,-1
868,70_15_111_0,-1,-1,-1,-1.0,-1.0,-1.0,-1.0,-1.0,-1
869,70_15_101_0,-1,-1,-1,-1.0,-1.0,-1.0,-1.0,-1.0,-1
870,70_15_001_0,-1,-1,-1,-1.0,-1.0,-1.0,-1.0,-1.0,-1
871,122_2_100_0,-1,-1,-1,-1.0,-1.0,-1.0,-1.0,-1.0,-1
872,122_2_110_0,-1,-1,-1,-1.0,-1.0,-1.0,-1.0,-1.0,-1
873,122_2_111_0,-1,-1,-1,-1.0,-1.0,-1.0,-1.0,-1.0,-1
874,122_2_101_0,-1,-1,-1,-1.0,-1.0,-1.0,-1.0,-1.0,-1
875,122_2_001_0,-1,-1,-1,-1.0,-1.0,-1.0,-1.0,-1.0,-1
876,151_13_100_0,-1,-1,-1,-1.0,-1.0,-1.0,-1.0,-1.0,-1
877,151_13_110_0,-1,-1,-1,-1.0,-1.0,-1.0,-1.0,-1.0,-1
878,151_13_111_0,-1,-1,-1,-1.0,-1.0,-1.0,-1.0,-1.0,-1
879,151_13_101_0,-1,-1,-1,-1.0,-1.0,-1.0,-1.0,-1.0,-1
880,151_13_001_0,-1,-1,-1,-1.0,-1.0,-1.0,-1.0,-1.0,-1
881,198_9_100_0,-1,-1,-1,-1.0,-1.0,-1.0,-1.0,-1.0,-1
882,198_9_110_0,-1,-1,-1,-1.0,-1.0,-1.0,-1.0,-1.0,-1
883,198_9_111_0,-1,-1,-1,-1.0,-1.0,-1.0,-1.0,-1.0,-1
884,198_9_101_0,-1,-1,-1,-1.0,-1.0,-1.0,-1.0,-1.0,-1
885,198_9_001_0,-1,-1,-1,-1.0,-1.0,-1.0,-1.0,-1.0,-1
886,248_2_100_0,-1,-1,-1,-1.0,-1.0,-1.0,-1.0,-1.0,-1
887,248_2_110_0,-1,-1,-1,-1.0,-1.0,-1.0,-1.0,-1.0,-1
888,248_2_111_0,-1,-1,-1,-1.0,-1.0,-1.0,-1.0,-1.0,-1
889,248_2_101_0,-1,-1,-1,-1.0,-1.0,-1.0,-1.0,-1.0,-1
890,248_2_001_0,-1,-1,-1,-1.0,-1.0,-1.0,-1.0,-1.0,-1
891,181_13_100_0,-1,-1,-1,-1.0,-1.0,-1.0,-1.0,-1.0,-1
892,181_13_110_0,-1,-1,-1,-1.0,-1.0,-1.0,-1.0,-1.0,-1
893,181_13_111_0,-1,-1,-1,-1.0,-1.0,-1.0,-1.0,-1.0,-1
894,181_13_101_0,-1,-1,-1,-1.0,-1.0,-1.0,-1.0,-1.0,-1
895,181_13_001_0,-1,-1,-1,-1.0,-1.0,-1.0,-1.0,-1.0,-1
896,15_13_100_0,-1,-1,-1,-1.0,-1.0,-1.0,-1.0,-1.0,-1
897,15_13_110_0,-1,-1,-1,-1.0,-1.0,-1.0,-1.0,-1.0,-1
898,15_13_111_0,-1,-1,-1,-1.0,-1.0,-1.0,-1.0,-1.0,-1
899,15_13_101_0,-1,-1,-1,-1.0,-1.0,-1.0,-1.0,-1.0,-1
900,15_13_001_0,-1,-1,-1,-1.0,-1.0,-1.0,-1.0,-1.0,-1
901,8_3_100_0,-1,-1,-1,-1.0,-1.0,-1.0,-1.0,-1.0,-1
902,8_3_110_0,-1,-1,-1,-1.0,-1.0,-1.0,-1.0,-1.0,-1
903,8_3_111_0,-1,-1,-1,-1.0,-1.0,-1.0,-1.0,-1.0,-1
904,8_3_101_0,-1,-1,-1,-1.0,-1.0,-1.0,-1.0,-1.0,-1
905,8_3_001_0,-1,-1,-1,-1.0,-1.0,-1.0,-1.0,-1.0,-1
906,219_10_100_1,-1,-1,-1,-1.0,-1.0,-1.0,-1.0,74.0,-1
907,219_10_110_1,-1,-1,-1,68.0,-1.0,-1.0,64.0,-1.0,57
908,219_10_111_1,-1,-1,-1,-1.0,50.0,35.0,-1.0,-1.0,-1
909,219_10_101_1,-1,-1,57,-1.0,-1.0,-1.0,-1.0,-1.0,-1
910,219_10_001_1,55,70,-1,-1.0,-1.0,-1.0,-1.0,-1.0,-1
911,39_1_100_0,-1,-1,-1,-1.0,-1.0,-1.0,-1.0,-1.0,-1
912,39_1_110_0,-1,-1,-1,-1.0,-1.0,-1.0,-1.0,-1.0,-1
913,39_1_111_0,-1,-1,-1,-1.0,-1.0,-1.0,-1.0,-1.0,-1
914,39_1_101_0,-1,-1,-1,-1.0,-1.0,-1.0,-1.0,-1.0,-1
915,39_1_001_0,-1,-1,-1,-1.0,-1.0,-1.0,-1.0,-1.0,-1
916,284_6_100_0,-1,-1,-1,-1.0,-1.0,-1.0,-1.0,-1.0,-1
917,284_6_110_0,-1,-1,-1,-1.0,-1.0,-1.0,-1.0,-1.0,-1
918,284_6_111_0,-1,-1,-1,-1.0,-1.0,-1.0,-1.0,-1.0,-1
919,284_6_101_0,-1,-1,-1,-1.0,-1.0,-1.0,-1.0,-1.0,-1
920,284_6_001_0,-1,-1,-1,-1.0,-1.0,-1.0,-1.0,-1.0,-1
921,281_13_100_0,-1,-1,-1,-1.0,-1.0,-1.0,-1.0,-1.0,-1
922,281_13_110_0,-1,-1,-1,-1.0,-1.0,-1.0,-1.0,-1.0,-1
923,281_13_111_0,-1,-1,-1,-1.0,-1.0,-1.0,-1.0,-1.0,-1
924,281_13_101_0,-1,-1,-1,-1.0,-1.0,-1.0,-1.0,-1.0,-1
925,281_13_001_0,-1,-1,-1,-1.0,-1.0,-1.0,-1.0,-1.0,-1
926,167_4_100_0,-1,-1,-1,-1.0,-1.0,-1.0,-1.0,-1.0,-1
927,167_4_110_0,-1,-1,-1,-1.0,-1.0,-1.0,-1.0,-1.0,-1
928,167_4_111_0,-1,-1,-1,-1.0,-1.0,-1.0,-1.0,-1.0,-1
929,167_4_101_0,-1,-1,-1,-1.0,-1.0,-1.0,-1.0,-1.0,-1
930,167_4_001_0,-1,-1,-1,-1.0,-1.0,-1.0,-1.0,-1.0,-1
931,242_14_100_0,-1,-1,-1,-1.0,-1.0,-1.0,-1.0,-1.0,-1
932,242_14_110_0,-1,-1,-1,-1.0,-1.0,-1.0,-1.0,-1.0,-1
933,242_14_111_0,-1,-1,-1,-1.0,-1.0,-1.0,-1.0,-1.0,-1
934,242_14_101_0,-1,-1,-1,-1.0,-1.0,-1.0,-1.0,-1.0,-1
935,242_14_001_0,-1,-1,-1,-1.0,-1.0,-1.0,-1.0,-1.0,-1
936,24_4_100_0,-1,-1,-1,-1.0,-1.0,-1.0,-1.0,-1.0,-1
937,24_4_110_0,-1,-1,-1,-1.0,-1.0,-1.0,-1.0,-1.0,-1
938,24_4_111_0,-1,-1,-1,-1.0,-1.0,-1.0,-1.0,-1.0,-1
939,24_4_101_0,-1,-1,-1,-1.0,-1.0,-1.0,-1.0,-1.0,-1
940,24_4_001_0,-1,-1,-1,-1.0,-1.0,-1.0,-1.0,-1.0,-1
941,53_13_100_0,-1,-1,-1,-1.0,-1.0,-1.0,-1.0,-1.0,-1
942,53_13_110_0,-1,-1,-1,-1.0,-1.0,-1.0,-1.0,-1.0,-1
943,53_13_111_0,-1,-1,-1,-1.0,-1.0,-1.0,-1.0,-1.0,-1
944,53_13_101_0,-1,-1,-1,-1.0,-1.0,-1.0,-1.0,-1.0,-1
945,53_13_001_0,-1,-1,-1,-1.0,-1.0,-1.0,-1.0,-1.0,-1
946,163_4_100_0,-1,-1,-1,-1.0,-1.0,-1.0,-1.0,-1.0,-1
947,163_4_110_0,-1,-1,-1,-1.0,-1.0,-1.0,-1.0,-1.0,-1
948,163_4_111_0,-1,-1,-1,-1.0,-1.0,-1.0,-1.0,-1.0,-1
949,163_4_101_0,-1,-1,-1,-1.0,-1.0,-1.0,-1.0,-1.0,-1
950,163_4_001_0,-1,-1,-1,-1.0,-1.0,-1.0,-1.0,-1.0,-1
951,134_2_100_0,-1,-1,-1,-1.0,-1.0,-1.0,-1.0,-1.0,-1
952,134_2_110_0,-1,-1,-1,-1.0,-1.0,-1.0,-1.0,-1.0,-1
953,134_2_111_0,-1,-1,-1,-1.0,-1.0,-1.0,-1.0,-1.0,-1
954,134_2_101_0,-1,-1,-1,-1.0,-1.0,-1.0,-1.0,-1.0,-1
955,134_2_001_0,-1,-1,-1,-1.0,-1.0,-1.0,-1.0,-1.0,-1
956,80_9_100_1,71,-1,90,-1.0,-1.0,-1.0,-1.0,-1.0,-1
957,80_9_110_1,-1,-1,-1,-1.0,-1.0,86.0,-1.0,73.0,-1
958,80_9_111_0,-1,-1,-1,-1.0,-1.0,-1.0,-1.0,-1.0,-1
959,80_9_101_1,-1,92,-1,85.0,-1.0,-1.0,60.0,-1.0,29
960,80_9_001_1,-1,-1,-1,-1.0,31.0,-1.0,-1.0,-1.0,-1
961,137_15_100_0,-1,-1,-1,-1.0,-1.0,-1.0,-1.0,-1.0,-1
962,137_15_110_0,-1,-1,-1,-1.0,-1.0,-1.0,-1.0,-1.0,-1
963,137_15_111_0,-1,-1,-1,-1.0,-1.0,-1.0,-1.0,-1.0,-1
964,137_15_101_0,-1,-1,-1,-1.0,-1.0,-1.0,-1.0,-1.0,-1
965,137_15_001_0,-1,-1,-1,-1.0,-1.0,-1.0,-1.0,-1.0,-1
966,61_4_100_0,-1,-1,-1,-1.0,-1.0,-1.0,-1.0,-1.0,-1
967,61_4_110_0,-1,-1,-1,-1.0,-1.0,-1.0,-1.0,-1.0,-1
968,61_4_111_0,-1,-1,-1,-1.0,-1.0,-1.0,-1.0,-1.0,-1
969,61_4_101_0,-1,-1,-1,-1.0,-1.0,-1.0,-1.0,-1.0,-1
970,61_4_001_0,-1,-1,-1,-1.0,-1.0,-1.0,-1.0,-1.0,-1
971,203_2_100_0,-1,-1,-1,-1.0,-1.0,-1.0,-1.0,-1.0,-1
972,203_2_110_0,-1,-1,-1,-1.0,-1.0,-1.0,-1.0,-1.0,-1
973,203_2_111_0,-1,-1,-1,-1.0,-1.0,-1.0,-1.0,-1.0,-1
974,203_2_101_0,-1,-1,-1,-1.0,-1.0,-1.0,-1.0,-1.0,-1
975,203_2_001_0,-1,-1,-1,-1.0,-1.0,-1.0,-1.0,-1.0,-1
976,12_13_100_1,-1,-1,-1,-1.0,-1.0,18.0,-1.0,-1.0,-1
977,12_13_110_1,-1,-1,50,-1.0,29.0,-1.0,-1.0,-1.0,-1
978,12_13_111_1,-1,65,-1,-1.0,-1.0,-1.0,-1.0,71.0,-1
979,12_13_101_1,50,-1,-1,-1.0,-1.0,-1.0,-1.0,-1.0,-1
980,12_13_001_1,-1,-1,-1,63.0,-1.0,-1.0,41.0,-1.0,37
981,6_3_100_0,-1,-1,-1,-1.0,-1.0,-1.0,-1.0,-1.0,-1
982,6_3_110_0,-1,-1,-1,-1.0,-1.0,-1.0,-1.0,-1.0,-1
983,6_3_111_0,-1,-1,-1,-1.0,-1.0,-1.0,-1.0,-1.0,-1
984,6_3_101_0,-1,-1,-1,-1.0,-1.0,-1.0,-1.0,-1.0,-1
985,6_3_001_0,-1,-1,-1,-1.0,-1.0,-1.0,-1.0,-1.0,-1
986,184_15_100_0,-1,-1,-1,-1.0,-1.0,-1.0,-1.0,-1.0,-1
987,184_15_110_0,-1,-1,-1,-1.0,-1.0,-1.0,-1.0,-1.0,-1
988,184_15_111_0,-1,-1,-1,-1.0,-1.0,-1.0,-1.0,-1.0,-1
989,184_15_101_0,-1,-1,-1,-1.0,-1.0,-1.0,-1.0,-1.0,-1
990,184_15_001_0,-1,-1,-1,-1.0,-1.0,-1.0,-1.0,-1.0,-1
991,171_11_100_0,-1,-1,-1,-1.0,-1.0,-1.0,-1.0,-1.0,-1
992,171_11_110_0,-1,-1,-1,-1.0,-1.0,-1.0,-1.0,-1.0,-1
993,171_11_111_0,-1,-1,-1,-1.0,-1.0,-1.0,-1.0,-1.0,-1
994,171_11_101_0,-1,-1,-1,-1.0,-1.0,-1.0,-1.0,-1.0,-1
995,171_11_001_0,-1,-1,-1,-1.0,-1.0,-1.0,-1.0,-1.0,-1
996,285_2_100_0,-1,-1,-1,-1.0,-1.0,-1.0,-1.0,-1.0,-1
997,285_2_110_0,-1,-1,-1,-1.0,-1.0,-1.0,-1.0,-1.0,-1
998,285_2_111_0,-1,-1,-1,-1.0,-1.0,-1.0,-1.0,-1.0,-1
999,285_2_101_0,-1,-1,-1,-1.0,-1.0,-1.0,-1.0,-1.0,-1
1000,285_2_001_0,-1,-1,-1,-1.0,-1.0,-1.0,-1.0,-1.0,-1
1001,150_15_100_0,-1,-1,-1,-1.0,-1.0,-1.0,-1.0,-1.0,-1
1002,150_15_110_0,-1,-1,-1,-1.0,-1.0,-1.0,-1.0,-1.0,-1
1003,150_15_111_0,-1,-1,-1,-1.0,-1.0,-1.0,-1.0,-1.0,-1
1004,150_15_101_0,-1,-1,-1,-1.0,-1.0,-1.0,-1.0,-1.0,-1
1005,150_15_001_0,-1,-1,-1,-1.0,-1.0,-1.0,-1.0,-1.0,-1
1006,194_9_100_0,-1,-1,-1,-1.0,-1.0,-1.0,-1.0,-1.0,-1
1007,194_9_110_0,-1,-1,-1,-1.0,-1.0,-1.0,-1.0,-1.0,-1
1008,194_9_111_0,-1,-1,-1,-1.0,-1.0,-1.0,-1.0,-1.0,-1
1009,194_9_101_0,-1,-1,-1,-1.0,-1.0,-1.0,-1.0,-1.0,-1
1010,194_9_001_0,-1,-1,-1,-1.0,-1.0,-1.0,-1.0,-1.0,-1
1011,98_13_100_0,-1,-1,-1,-1.0,-1.0,-1.0,-1.0,-1.0,-1
1012,98_13_110_0,-1,-1,-1,-1.0,-1.0,-1.0,-1.0,-1.0,-1
1013,98_13_111_0,-1,-1,-1,-1.0,-1.0,-1.0,-1.0,-1.0,-1
1014,98_13_101_0,-1,-1,-1,-1.0,-1.0,-1.0,-1.0,-1.0,-1
1015,98_13_001_0,-1,-1,-1,-1.0,-1.0,-1.0,-1.0,-1.0,-1
1016,287_8_100_0,-1,-1,-1,-1.0,-1.0,-1.0,-1.0,-1.0,-1
1017,287_8_110_0,-1,-1,-1,-1.0,-1.0,-1.0,-1.0,-1.0,-1
1018,287_8_111_0,-1,-1,-1,-1.0,-1.0,-1.0,-1.0,-1.0,-1
1019,287_8_101_0,-1,-1,-1,-1.0,-1.0,-1.0,-1.0,-1.0,-1
1020,287_8_001_0,-1,-1,-1,-1.0,-1.0,-1.0,-1.0,-1.0,-1
1021,271_14_100_1,-1,-1,-1,-1.0,-1.0,-1.0,50.0,-1.0,22
1022,271_14_110_1,55,29,-1,-1.0,-1.0,-1.0,-1.0,-1.0,-1
1023,271_14_111_1,-1,-1,-1,65.0,-1.0,-1.0,-1.0,-1.0,-1
1024,271_14_101_1,-1,-1,-1,-1.0,32.0,-1.0,-1.0,-1.0,-1
1025,271_14_001_1,-1,-1,16,-1.0,-1.0,50.0,-1.0,22.0,-1
1026,79_8_100_1,73,-1,41,-1.0,-1.0,-1.0,-1.0,-1.0,-1
1027,79_8_110_1,-1,-1,-1,-1.0,-1.0,48.0,-1.0,22.0,-1
1028,79_8_111_0,-1,-1,-1,-1.0,-1.0,-1.0,-1.0,-1.0,-1
1029,79_8_101_1,-1,36,-1,60.0,-1.0,-1.0,80.0,-1.0,26
1030,79_8_001_1,-1,-1,-1,-1.0,35.0,-1.0,-1.0,-1.0,-1
1031,228_9_100_0,-1,-1,-1,-1.0,-1.0,-1.0,-1.0,-1.0,-1
1032,228_9_110_0,-1,-1,-1,-1.0,-1.0,-1.0,-1.0,-1.0,-1
1033,228_9_111_0,-1,-1,-1,-1.0,-1.0,-1.0,-1.0,-1.0,-1
1034,228_9_101_0,-1,-1,-1,-1.0,-1.0,-1.0,-1.0,-1.0,-1
1035,228_9_001_0,-1,-1,-1,-1.0,-1.0,-1.0,-1.0,-1.0,-1
1036,93_8_100_0,-1,-1,-1,-1.0,-1.0,-1.0,-1.0,-1.0,-1
1037,93_8_110_0,-1,-1,-1,-1.0,-1.0,-1.0,-1.0,-1.0,-1
1038,93_8_111_0,-1,-1,-1,-1.0,-1.0,-1.0,-1.0,-1.0,-1
1039,93_8_101_0,-1,-1,-1,-1.0,-1.0,-1.0,-1.0,-1.0,-1
1040,93_8_001_0,-1,-1,-1,-1.0,-1.0,-1.0,-1.0,-1.0,-1
1041,166_13_100_0,-1,-1,-1,-1.0,-1.0,-1.0,-1.0,-1.0,-1
1042,166_13_110_0,-1,-1,-1,-1.0,-1.0,-1.0,-1.0,-1.0,-1
1043,166_13_111_0,-1,-1,-1,-1.0,-1.0,-1.0,-1.0,-1.0,-1
1044,166_13_101_0,-1,-1,-1,-1.0,-1.0,-1.0,-1.0,-1.0,-1
1045,166_13_001_0,-1,-1,-1,-1.0,-1.0,-1.0,-1.0,-1.0,-1
1046,195_15_100_0,-1,-1,-1,-1.0,-1.0,-1.0,-1.0,-1.0,-1
1047,195_15_110_0,-1,-1,-1,-1.0,-1.0,-1.0,-1.0,-1.0,-1
1048,195_15_111_0,-1,-1,-1,-1.0,-1.0,-1.0,-1.0,-1.0,-1
1049,195_15_101_0,-1,-1,-1,-1.0,-1.0,-1.0,-1.0,-1.0,-1
1050,195_15_001_0,-1,-1,-1,-1.0,-1.0,-1.0,-1.0,-1.0,-1
1051,135_2_100_0,-1,-1,-1,-1.0,-1.0,-1.0,-1.0,-1.0,-1
1052,135_2_110_0,-1,-1,-1,-1.0,-1.0,-1.0,-1.0,-1.0,-1
1053,135_2_111_0,-1,-1,-1,-1.0,-1.0,-1.0,-1.0,-1.0,-1
1054,135_2_101_0,-1,-1,-1,-1.0,-1.0,-1.0,-1.0,-1.0,-1
1055,135_2_001_0,-1,-1,-1,-1.0,-1.0,-1.0,-1.0,-1.0,-1
1056,291_8_100_1,-1,90,-1,87.0,58.0,-1.0,-1.0,-1.0,-1
1057,291_8_110_0,-1,-1,-1,-1.0,-1.0,-1.0,-1.0,-1.0,-1
1058,291_8_111_1,45,-1,52,-1.0,-1.0,-1.0,28.0,-1.0,22
1059,291_8_101_1,-1,-1,-1,-1.0,-1.0,73.0,-1.0,92.0,-1
1060,291_8_001_0,-1,-1,-1,-1.0,-1.0,-1.0,-1.0,-1.0,-1
1061,227_3_100_0,-1,-1,-1,-1.0,-1.0,-1.0,-1.0,-1.0,-1
1062,227_3_110_0,-1,-1,-1,-1.0,-1.0,-1.0,-1.0,-1.0,-1
1063,227_3_111_0,-1,-1,-1,-1.0,-1.0,-1.0,-1.0,-1.0,-1
1064,227_3_101_0,-1,-1,-1,-1.0,-1.0,-1.0,-1.0,-1.0,-1
1065,227_3_001_0,-1,-1,-1,-1.0,-1.0,-1.0,-1.0,-1.0,-1
1066,196_5_100_0,-1,-1,-1,-1.0,-1.0,-1.0,-1.0,-1.0,-1
1067,196_5_110_0,-1,-1,-1,-1.0,-1.0,-1.0,-1.0,-1.0,-1
1068,196_5_111_0,-1,-1,-1,-1.0,-1.0,-1.0,-1.0,-1.0,-1
1069,196_5_101_0,-1,-1,-1,-1.0,-1.0,-1.0,-1.0,-1.0,-1
1070,196_5_001_0,-1,-1,-1,-1.0,-1.0,-1.0,-1.0,-1.0,-1
1071,87_2_100_0,-1,-1,-1,-1.0,-1.0,-1.0,-1.0,-1.0,-1
1072,87_2_110_0,-1,-1,-1,-1.0,-1.0,-1.0,-1.0,-1.0,-1
1073,87_2_111_0,-1,-1,-1,-1.0,-1.0,-1.0,-1.0,-1.0,-1
1074,87_2_101_0,-1,-1,-1,-1.0,-1.0,-1.0,-1.0,-1.0,-1
1075,87_2_001_0,-1,-1,-1,-1.0,-1.0,-1.0,-1.0,-1.0,-1
1076,131_13_100_0,-1,-1,-1,-1.0,-1.0,-1.0,-1.0,-1.0,-1
1077,131_13_110_0,-1,-1,-1,-1.0,-1.0,-1.0,-1.0,-1.0,-1
1078,131_13_111_0,-1,-1,-1,-1.0,-1.0,-1.0,-1.0,-1.0,-1
1079,131_13_101_0,-1,-1,-1,-1.0,-1.0,-1.0,-1.0,-1.0,-1
1080,131_13_001_0,-1,-1,-1,-1.0,-1.0,-1.0,-1.0,-1.0,-1
1081,32_13_100_0,-1,-1,-1,-1.0,-1.0,-1.0,-1.0,-1.0,-1
1082,32_13_110_0,-1,-1,-1,-1.0,-1.0,-1.0,-1.0,-1.0,-1
1083,32_13_111_0,-1,-1,-1,-1.0,-1.0,-1.0,-1.0,-1.0,-1
1084,32_13_101_0,-1,-1,-1,-1.0,-1.0,-1.0,-1.0,-1.0,-1
1085,32_13_001_0,-1,-1,-1,-1.0,-1.0,-1.0,-1.0,-1.0,-1
1086,213_15_100_0,-1,-1,-1,-1.0,-1.0,-1.0,-1.0,-1.0,-1
1087,213_15_110_0,-1,-1,-1,-1.0,-1.0,-1.0,-1.0,-1.0,-1
1088,213_15_111_0,-1,-1,-1,-1.0,-1.0,-1.0,-1.0,-1.0,-1
1089,213_15_101_0,-1,-1,-1,-1.0,-1.0,-1.0,-1.0,-1.0,-1
1090,213_15_001_0,-1,-1,-1,-1.0,-1.0,-1.0,-1.0,-1.0,-1
1091,124_13_100_0,-1,-1,-1,-1.0,-1.0,-1.0,-1.0,-1.0,-1
1092,124_13_110_0,-1,-1,-1,-1.0,-1.0,-1.0,-1.0,-1.0,-1
1093,124_13_111_0,-1,-1,-1,-1.0,-1.0,-1.0,-1.0,-1.0,-1
1094,124_13_101_0,-1,-1,-1,-1.0,-1.0,-1.0,-1.0,-1.0,-1
1095,124_13_001_0,-1,-1,-1,-1.0,-1.0,-1.0,-1.0,-1.0,-1
1096,81_15_100_0,-1,-1,-1,-1.0,-1.0,-1.0,-1.0,-1.0,-1
1097,81_15_110_0,-1,-1,-1,-1.0,-1.0,-1.0,-1.0,-1.0,-1
1098,81_15_111_0,-1,-1,-1,-1.0,-1.0,-1.0,-1.0,-1.0,-1
1099,81_15_101_0,-1,-1,-1,-1.0,-1.0,-1.0,-1.0,-1.0,-1
1100,81_15_001_0,-1,-1,-1,-1.0,-1.0,-1.0,-1.0,-1.0,-1
1101,251_2_100_0,-1,-1,-1,-1.0,-1.0,-1.0,-1.0,-1.0,-1
1102,251_2_110_0,-1,-1,-1,-1.0,-1.0,-1.0,-1.0,-1.0,-1
1103,251_2_111_0,-1,-1,-1,-1.0,-1.0,-1.0,-1.0,-1.0,-1
1104,251_2_101_0,-1,-1,-1,-1.0,-1.0,-1.0,-1.0,-1.0,-1
1105,251_2_001_0,-1,-1,-1,-1.0,-1.0,-1.0,-1.0,-1.0,-1
1106,170_13_100_0,-1,-1,-1,-1.0,-1.0,-1.0,-1.0,-1.0,-1
1107,170_13_110_0,-1,-1,-1,-1.0,-1.0,-1.0,-1.0,-1.0,-1
1108,170_13_111_0,-1,-1,-1,-1.0,-1.0,-1.0,-1.0,-1.0,-1
1109,170_13_101_0,-1,-1,-1,-1.0,-1.0,-1.0,-1.0,-1.0,-1
1110,170_13_001_0,-1,-1,-1,-1.0,-1.0,-1.0,-1.0,-1.0,-1
1111,64_10_100_0,-1,-1,-1,-1.0,-1.0,-1.0,-1.0,-1.0,-1
1112,64_10_110_0,-1,-1,-1,-1.0,-1.0,-1.0,-1.0,-1.0,-1
1113,64_10_111_0,-1,-1,-1,-1.0,-1.0,-1.0,-1.0,-1.0,-1
1114,64_10_101_0,-1,-1,-1,-1.0,-1.0,-1.0,-1.0,-1.0,-1
1115,64_10_001_0,-1,-1,-1,-1.0,-1.0,-1.0,-1.0,-1.0,-1
1116,4_13_100_0,-1,-1,-1,-1.0,-1.0,-1.0,-1.0,-1.0,-1
1117,4_13_110_0,-1,-1,-1,-1.0,-1.0,-1.0,-1.0,-1.0,-1
1118,4_13_111_0,-1,-1,-1,-1.0,-1.0,-1.0,-1.0,-1.0,-1
1119,4_13_101_0,-1,-1,-1,-1.0,-1.0,-1.0,-1.0,-1.0,-1
1120,4_13_001_0,-1,-1,-1,-1.0,-1.0,-1.0,-1.0,-1.0,-1
1121,245_3_100_0,-1,-1,-1,-1.0,-1.0,-1.0,-1.0,-1.0,-1
1122,245_3_110_1,-1,-1,34,-1.0,21.0,-1.0,-1.0,-1.0,-1
1123,245_3_111_1,-1,7,-1,-1.0,-1.0,-1.0,-1.0,26.0,-1
1124,245_3_101_1,51,-1,-1,-1.0,-1.0,-1.0,-1.0,-1.0,-1
1125,245_3_001_1,-1,-1,-1,21.0,-1.0,-1.0,2.0,-1.0,6
1126,130_14_100_0,-1,-1,-1,-1.0,-1.0,-1.0,-1.0,-1.0,-1
1127,130_14_110_0,-1,-1,-1,-1.0,-1.0,-1.0,-1.0,-1.0,-1
1128,130_14_111_0,-1,-1,-1,-1.0,-1.0,-1.0,-1.0,-1.0,-1
1129,130_14_101_0,-1,-1,-1,-1.0,-1.0,-1.0,-1.0,-1.0,-1
1130,130_14_001_0,-1,-1,-1,-1.0,-1.0,-1.0,-1.0,-1.0,-1
1131,300_7_100_0,-1,-1,-1,-1.0,-1.0,-1.0,-1.0,-1.0,-1
1132,300_7_110_0,-1,-1,-1,-1.0,-1.0,-1.0,-1.0,-1.0,-1
1133,300_7_111_0,-1,-1,-1,-1.0,-1.0,-1.0,-1.0,-1.0,-1
1134,300_7_101_0,-1,-1,-1,-1.0,-1.0,-1.0,-1.0,-1.0,-1
1135,300_7_001_0,-1,-1,-1,-1.0,-1.0,-1.0,-1.0,-1.0,-1
1136,138_9_100_0,-1,-1,-1,-1.0,-1.0,-1.0,-1.0,-1.0,-1
1137,138_9_110_0,-1,-1,-1,-1.0,-1.0,-1.0,-1.0,-1.0,-1
1138,138_9_111_0,-1,-1,-1,-1.0,-1.0,-1.0,-1.0,-1.0,-1
1139,138_9_101_0,-1,-1,-1,-1.0,-1.0,-1.0,-1.0,-1.0,-1
1140,138_9_001_0,-1,-1,-1,-1.0,-1.0,-1.0,-1.0,-1.0,-1
1141,292_1_100_0,-1,-1,-1,-1.0,-1.0,-1.0,-1.0,-1.0,-1
1142,292_1_110_0,-1,-1,-1,-1.0,-1.0,-1.0,-1.0,-1.0,-1
1143,292_1_111_0,-1,-1,-1,-1.0,-1.0,-1.0,-1.0,-1.0,-1
1144,292_1_101_0,-1,-1,-1,-1.0,-1.0,-1.0,-1.0,-1.0,-1
1145,292_1_001_0,-1,-1,-1,-1.0,-1.0,-1.0,-1.0,-1.0,-1
1146,212_6_100_0,-1,-1,-1,-1.0,-1.0,-1.0,-1.0,-1.0,-1
1147,212_6_110_0,-1,-1,-1,-1.0,-1.0,-1.0,-1.0,-1.0,-1
1148,212_6_111_0,-1,-1,-1,-1.0,-1.0,-1.0,-1.0,-1.0,-1
1149,212_6_101_0,-1,-1,-1,-1.0,-1.0,-1.0,-1.0,-1.0,-1
1150,212_6_001_0,-1,-1,-1,-1.0,-1.0,-1.0,-1.0,-1.0,-1
1151,214_14_100_0,-1,-1,-1,-1.0,-1.0,-1.0,-1.0,-1.0,-1
1152,214_14_110_0,-1,-1,-1,-1.0,-1.0,-1.0,-1.0,-1.0,-1
1153,214_14_111_0,-1,-1,-1,-1.0,-1.0,-1.0,-1.0,-1.0,-1
1154,214_14_101_0,-1,-1,-1,-1.0,-1.0,-1.0,-1.0,-1.0,-1
1155,214_14_001_0,-1,-1,-1,-1.0,-1.0,-1.0,-1.0,-1.0,-1
1156,174_9_100_0,-1,-1,-1,-1.0,-1.0,-1.0,-1.0,-1.0,-1
1157,174_9_110_0,-1,-1,-1,-1.0,-1.0,-1.0,-1.0,-1.0,-1
1158,174_9_111_0,-1,-1,-1,-1.0,-1.0,-1.0,-1.0,-1.0,-1
1159,174_9_101_0,-1,-1,-1,-1.0,-1.0,-1.0,-1.0,-1.0,-1
1160,174_9_001_0,-1,-1,-1,-1.0,-1.0,-1.0,-1.0,-1.0,-1
1161,48_13_100_0,-1,-1,-1,-1.0,-1.0,-1.0,-1.0,-1.0,-1
1162,48_13_110_0,-1,-1,-1,-1.0,-1.0,-1.0,-1.0,-1.0,-1
1163,48_13_111_0,-1,-1,-1,-1.0,-1.0,-1.0,-1.0,-1.0,-1
1164,48_13_101_0,-1,-1,-1,-1.0,-1.0,-1.0,-1.0,-1.0,-1
1165,48_13_001_0,-1,-1,-1,-1.0,-1.0,-1.0,-1.0,-1.0,-1
1166,7_1_100_0,-1,-1,-1,-1.0,-1.0,-1.0,-1.0,-1.0,-1
1167,7_1_110_0,-1,-1,-1,-1.0,-1.0,-1.0,-1.0,-1.0,-1
1168,7_1_111_0,-1,-1,-1,-1.0,-1.0,-1.0,-1.0,-1.0,-1
1169,7_1_101_0,-1,-1,-1,-1.0,-1.0,-1.0,-1.0,-1.0,-1
1170,7_1_001_0,-1,-1,-1,-1.0,-1.0,-1.0,-1.0,-1.0,-1
1171,56_11_100_0,-1,-1,-1,-1.0,-1.0,-1.0,-1.0,-1.0,-1
1172,56_11_110_0,-1,-1,-1,-1.0,-1.0,-1.0,-1.0,-1.0,-1
1173,56_11_111_0,-1,-1,-1,-1.0,-1.0,-1.0,-1.0,-1.0,-1
1174,56_11_101_0,-1,-1,-1,-1.0,-1.0,-1.0,-1.0,-1.0,-1
1175,56_11_001_0,-1,-1,-1,-1.0,-1.0,-1.0,-1.0,-1.0,-1
1176,55_13_100_0,-1,-1,-1,-1.0,-1.0,-1.0,-1.0,-1.0,-1
1177,55_13_110_0,-1,-1,-1,-1.0,-1.0,-1.0,-1.0,-1.0,-1
1178,55_13_111_0,-1,-1,-1,-1.0,-1.0,-1.0,-1.0,-1.0,-1
1179,55_13_101_0,-1,-1,-1,-1.0,-1.0,-1.0,-1.0,-1.0,-1
1180,55_13_001_0,-1,-1,-1,-1.0,-1.0,-1.0,-1.0,-1.0,-1
1181,192_4_100_0,-1,-1,-1,-1.0,-1.0,-1.0,-1.0,-1.0,-1
1182,192_4_110_0,-1,-1,-1,-1.0,-1.0,-1.0,-1.0,-1.0,-1
1183,192_4_111_0,-1,-1,-1,-1.0,-1.0,-1.0,-1.0,-1.0,-1
1184,192_4_101_0,-1,-1,-1,-1.0,-1.0,-1.0,-1.0,-1.0,-1
1185,192_4_001_0,-1,-1,-1,-1.0,-1.0,-1.0,-1.0,-1.0,-1
1186,41_2_100_0,-1,-1,-1,-1.0,-1.0,-1.0,-1.0,-1.0,-1
1187,41_2_110_0,-1,-1,-1,-1.0,-1.0,-1.0,-1.0,-1.0,-1
1188,41_2_111_0,-1,-1,-1,-1.0,-1.0,-1.0,-1.0,-1.0,-1
1189,41_2_101_0,-1,-1,-1,-1.0,-1.0,-1.0,-1.0,-1.0,-1
1190,41_2_001_0,-1,-1,-1,-1.0,-1.0,-1.0,-1.0,-1.0,-1
1191,44_12_100_1,-1,-1,-1,-1.0,-1.0,60.0,-1.0,-1.0,-1
1192,44_12_110_1,-1,-1,51,-1.0,41.0,-1.0,-1.0,-1.0,-1
1193,44_12_111_1,-1,83,-1,-1.0,-1.0,-1.0,-1.0,48.0,-1
1194,44_12_101_1,50,-1,-1,-1.0,-1.0,-1.0,-1.0,-1.0,-1
1195,44_12_001_1,-1,-1,-1,97.0,-1.0,-1.0,91.0,-1.0,35
1196,152_10_100_0,-1,-1,-1,-1.0,-1.0,-1.0,-1.0,-1.0,-1
1197,152_10_110_0,-1,-1,-1,-1.0,-1.0,-1.0,-1.0,-1.0,-1
1198,152_10_111_0,-1,-1,-1,-1.0,-1.0,-1.0,-1.0,-1.0,-1
1199,152_10_101_0,-1,-1,-1,-1.0,-1.0,-1.0,-1.0,-1.0,-1
1200,152_10_001_0,-1,-1,-1,-1.0,-1.0,-1.0,-1.0,-1.0,-1
1201,197_7_100_1,44,-1,68,-1.0,-1.0,-1.0,-1.0,-1.0,-1
1202,197_7_110_1,-1,-1,-1,-1.0,-1.0,33.0,-1.0,8.0,-1
1203,197_7_111_0,-1,-1,-1,-1.0,-1.0,-1.0,-1.0,-1.0,-1
1204,197_7_101_1,-1,88,-1,84.0,-1.0,-1.0,61.0,-1.0,68
1205,197_7_001_1,-1,-1,-1,-1.0,40.0,-1.0,-1.0,-1.0,-1
1206,249_15_100_0,-1,-1,-1,-1.0,-1.0,-1.0,-1.0,-1.0,-1
1207,249_15_110_0,-1,-1,-1,-1.0,-1.0,-1.0,-1.0,-1.0,-1
1208,249_15_111_0,-1,-1,-1,-1.0,-1.0,-1.0,-1.0,-1.0,-1
1209,249_15_101_0,-1,-1,-1,-1.0,-1.0,-1.0,-1.0,-1.0,-1
1210,249_15_001_0,-1,-1,-1,-1.0,-1.0,-1.0,-1.0,-1.0,-1
1211,222_15_100_0,-1,-1,-1,-1.0,-1.0,-1.0,-1.0,-1.0,-1
1212,222_15_110_0,-1,-1,-1,-1.0,-1.0,-1.0,-1.0,-1.0,-1
1213,222_15_111_0,-1,-1,-1,-1.0,-1.0,-1.0,-1.0,-1.0,-1
1214,222_15_101_0,-1,-1,-1,-1.0,-1.0,-1.0,-1.0,-1.0,-1
1215,222_15_001_0,-1,-1,-1,-1.0,-1.0,-1.0,-1.0,-1.0,-1
1216,94_2_100_0,-1,-1,-1,-1.0,-1.0,-1.0,-1.0,-1.0,-1
1217,94_2_110_0,-1,-1,-1,-1.0,-1.0,-1.0,-1.0,-1.0,-1
1218,94_2_111_0,-1,-1,-1,-1.0,-1.0,-1.0,-1.0,-1.0,-1
1219,94_2_101_0,-1,-1,-1,-1.0,-1.0,-1.0,-1.0,-1.0,-1
1220,94_2_001_0,-1,-1,-1,-1.0,-1.0,-1.0,-1.0,-1.0,-1
1221,220_2_100_0,-1,-1,-1,-1.0,-1.0,-1.0,-1.0,-1.0,-1
1222,220_2_110_0,-1,-1,-1,-1.0,-1.0,-1.0,-1.0,-1.0,-1
1223,220_2_111_0,-1,-1,-1,-1.0,-1.0,-1.0,-1.0,-1.0,-1
1224,220_2_101_0,-1,-1,-1,-1.0,-1.0,-1.0,-1.0,-1.0,-1
1225,220_2_001_0,-1,-1,-1,-1.0,-1.0,-1.0,-1.0,-1.0,-1
1226,136_5_100_0,-1,-1,-1,-1.0,-1.0,-1.0,-1.0,-1.0,-1
1227,136_5_110_0,-1,-1,-1,-1.0,-1.0,-1.0,-1.0,-1.0,-1
1228,136_5_111_0,-1,-1,-1,-1.0,-1.0,-1.0,-1.0,-1.0,-1
1229,136_5_101_0,-1,-1,-1,-1.0,-1.0,-1.0,-1.0,-1.0,-1
1230,136_5_001_0,-1,-1,-1,-1.0,-1.0,-1.0,-1.0,-1.0,-1
1231,187_11_100_0,-1,-1,-1,-1.0,-1.0,-1.0,-1.0,-1.0,-1
1232,187_11_110_0,-1,-1,-1,-1.0,-1.0,-1.0,-1.0,-1.0,-1
1233,187_11_111_0,-1,-1,-1,-1.0,-1.0,-1.0,-1.0,-1.0,-1
1234,187_11_101_0,-1,-1,-1,-1.0,-1.0,-1.0,-1.0,-1.0,-1
1235,187_11_001_0,-1,-1,-1,-1.0,-1.0,-1.0,-1.0,-1.0,-1
1236,99_11_100_0,-1,-1,-1,-1.0,-1.0,-1.0,-1.0,-1.0,-1
1237,99_11_110_0,-1,-1,-1,-1.0,-1.0,-1.0,-1.0,-1.0,-1
1238,99_11_111_0,-1,-1,-1,-1.0,-1.0,-1.0,-1.0,-1.0,-1
1239,99_11_101_0,-1,-1,-1,-1.0,-1.0,-1.0,-1.0,-1.0,-1
1240,99_11_001_0,-1,-1,-1,-1.0,-1.0,-1.0,-1.0,-1.0,-1
1241,139_11_100_0,-1,-1,-1,-1.0,-1.0,-1.0,-1.0,-1.0,-1
1242,139_11_110_0,-1,-1,-1,-1.0,-1.0,-1.0,-1.0,-1.0,-1
1243,139_11_111_0,-1,-1,-1,-1.0,-1.0,-1.0,-1.0,-1.0,-1
1244,139_11_101_0,-1,-1,-1,-1.0,-1.0,-1.0,-1.0,-1.0,-1
1245,139_11_001_0,-1,-1,-1,-1.0,-1.0,-1.0,-1.0,-1.0,-1
1246,247_15_100_0,-1,-1,-1,-1.0,-1.0,-1.0,-1.0,-1.0,-1
1247,247_15_110_0,-1,-1,-1,-1.0,-1.0,-1.0,-1.0,-1.0,-1
1248,247_15_111_0,-1,-1,-1,-1.0,-1.0,-1.0,-1.0,-1.0,-1
1249,247_15_101_0,-1,-1,-1,-1.0,-1.0,-1.0,-1.0,-1.0,-1
1250,247_15_001_0,-1,-1,-1,-1.0,-1.0,-1.0,-1.0,-1.0,-1
1251,293_6_100_0,-1,-1,-1,-1.0,-1.0,-1.0,-1.0,-1.0,-1
1252,293_6_110_0,-1,-1,-1,-1.0,-1.0,-1.0,-1.0,-1.0,-1
1253,293_6_111_0,-1,-1,-1,-1.0,-1.0,-1.0,-1.0,-1.0,-1
1254,293_6_101_0,-1,-1,-1,-1.0,-1.0,-1.0,-1.0,-1.0,-1
1255,293_6_001_0,-1,-1,-1,-1.0,-1.0,-1.0,-1.0,-1.0,-1
1256,250_2_100_0,-1,-1,-1,-1.0,-1.0,-1.0,-1.0,-1.0,-1
1257,250_2_110_0,-1,-1,-1,-1.0,-1.0,-1.0,-1.0,-1.0,-1
1258,250_2_111_0,-1,-1,-1,-1.0,-1.0,-1.0,-1.0,-1.0,-1
1259,250_2_101_0,-1,-1,-1,-1.0,-1.0,-1.0,-1.0,-1.0,-1
1260,250_2_001_0,-1,-1,-1,-1.0,-1.0,-1.0,-1.0,-1.0,-1
1261,75_6_100_0,-1,-1,-1,-1.0,-1.0,-1.0,-1.0,-1.0,-1
1262,75_6_110_0,-1,-1,-1,-1.0,-1.0,-1.0,-1.0,-1.0,-1
1263,75_6_111_0,-1,-1,-1,-1.0,-1.0,-1.0,-1.0,-1.0,-1
1264,75_6_101_0,-1,-1,-1,-1.0,-1.0,-1.0,-1.0,-1.0,-1
1265,75_6_001_0,-1,-1,-1,-1.0,-1.0,-1.0,-1.0,-1.0,-1
1266,280_11_100_0,-1,-1,-1,-1.0,-1.0,-1.0,-1.0,-1.0,-1
1267,280_11_110_0,-1,-1,-1,-1.0,-1.0,-1.0,-1.0,-1.0,-1
1268,280_11_111_0,-1,-1,-1,-1.0,-1.0,-1.0,-1.0,-1.0,-1
1269,280_11_101_0,-1,-1,-1,-1.0,-1.0,-1.0,-1.0,-1.0,-1
1270,280_11_001_0,-1,-1,-1,-1.0,-1.0,-1.0,-1.0,-1.0,-1
1271,266_2_100_0,-1,-1,-1,-1.0,-1.0,-1.0,-1.0,-1.0,-1
1272,266_2_110_0,-1,-1,-1,-1.0,-1.0,-1.0,-1.0,-1.0,-1
1273,266_2_111_0,-1,-1,-1,-1.0,-1.0,-1.0,-1.0,-1.0,-1
1274,266_2_101_0,-1,-1,-1,-1.0,-1.0,-1.0,-1.0,-1.0,-1
1275,266_2_001_0,-1,-1,-1,-1.0,-1.0,-1.0,-1.0,-1.0,-1
1276,237_14_100_0,-1,-1,-1,-1.0,-1.0,-1.0,-1.0,-1.0,-1
1277,237_14_110_0,-1,-1,-1,-1.0,-1.0,-1.0,-1.0,-1.0,-1
1278,237_14_111_0,-1,-1,-1,-1.0,-1.0,-1.0,-1.0,-1.0,-1
1279,237_14_101_0,-1,-1,-1,-1.0,-1.0,-1.0,-1.0,-1.0,-1
1280,237_14_001_0,-1,-1,-1,-1.0,-1.0,-1.0,-1.0,-1.0,-1
1281,156_11_100_0,-1,-1,-1,-1.0,-1.0,-1.0,-1.0,-1.0,-1
1282,156_11_110_0,-1,-1,-1,-1.0,-1.0,-1.0,-1.0,-1.0,-1
1283,156_11_111_0,-1,-1,-1,-1.0,-1.0,-1.0,-1.0,-1.0,-1
1284,156_11_101_0,-1,-1,-1,-1.0,-1.0,-1.0,-1.0,-1.0,-1
1285,156_11_001_0,-1,-1,-1,-1.0,-1.0,-1.0,-1.0,-1.0,-1
1286,86_14_100_0,-1,-1,-1,-1.0,-1.0,-1.0,-1.0,-1.0,-1
1287,86_14_110_0,-1,-1,-1,-1.0,-1.0,-1.0,-1.0,-1.0,-1
1288,86_14_111_0,-1,-1,-1,-1.0,-1.0,-1.0,-1.0,-1.0,-1
1289,86_14_101_0,-1,-1,-1,-1.0,-1.0,-1.0,-1.0,-1.0,-1
1290,86_14_001_0,-1,-1,-1,-1.0,-1.0,-1.0,-1.0,-1.0,-1
1291,69_2_100_0,-1,-1,-1,-1.0,-1.0,-1.0,-1.0,-1.0,-1
1292,69_2_110_0,-1,-1,-1,-1.0,-1.0,-1.0,-1.0,-1.0,-1
1293,69_2_111_0,-1,-1,-1,-1.0,-1.0,-1.0,-1.0,-1.0,-1
1294,69_2_101_0,-1,-1,-1,-1.0,-1.0,-1.0,-1.0,-1.0,-1
1295,69_2_001_0,-1,-1,-1,-1.0,-1.0,-1.0,-1.0,-1.0,-1
1296,28_2_100_0,-1,-1,-1,-1.0,-1.0,-1.0,-1.0,-1.0,-1
1297,28_2_110_0,-1,-1,-1,-1.0,-1.0,-1.0,-1.0,-1.0,-1
1298,28_2_111_0,-1,-1,-1,-1.0,-1.0,-1.0,-1.0,-1.0,-1
1299,28_2_101_0,-1,-1,-1,-1.0,-1.0,-1.0,-1.0,-1.0,-1
1300,28_2_001_0,-1,-1,-1,-1.0,-1.0,-1.0,-1.0,-1.0,-1
1301,54_2_100_0,-1,-1,-1,-1.0,-1.0,-1.0,-1.0,-1.0,-1
1302,54_2_110_0,-1,-1,-1,-1.0,-1.0,-1.0,-1.0,-1.0,-1
1303,54_2_111_0,-1,-1,-1,-1.0,-1.0,-1.0,-1.0,-1.0,-1
1304,54_2_101_0,-1,-1,-1,-1.0,-1.0,-1.0,-1.0,-1.0,-1
1305,54_2_001_0,-1,-1,-1,-1.0,-1.0,-1.0,-1.0,-1.0,-1
1306,92_4_100_0,-1,-1,-1,-1.0,-1.0,-1.0,-1.0,-1.0,-1
1307,92_4_110_0,-1,-1,-1,-1.0,-1.0,-1.0,-1.0,-1.0,-1
1308,92_4_111_0,-1,-1,-1,-1.0,-1.0,-1.0,-1.0,-1.0,-1
1309,92_4_101_0,-1,-1,-1,-1.0,-1.0,-1.0,-1.0,-1.0,-1
1310,92_4_001_0,-1,-1,-1,-1.0,-1.0,-1.0,-1.0,-1.0,-1
1311,112_8_100_0,-1,-1,-1,-1.0,-1.0,-1.0,-1.0,-1.0,-1
1312,112_8_110_0,-1,-1,-1,-1.0,-1.0,-1.0,-1.0,-1.0,-1
1313,112_8_111_0,-1,-1,-1,-1.0,-1.0,-1.0,-1.0,-1.0,-1
1314,112_8_101_0,-1,-1,-1,-1.0,-1.0,-1.0,-1.0,-1.0,-1
1315,112_8_001_0,-1,-1,-1,-1.0,-1.0,-1.0,-1.0,-1.0,-1
1316,157_9_100_1,-1,-1,-1,-1.0,-1.0,-1.0,-1.0,65.0,-1
1317,157_9_110_1,-1,-1,-1,62.0,-1.0,-1.0,18.0,-1.0,17
1318,157_9_111_1,-1,-1,-1,-1.0,29.0,28.0,-1.0,-1.0,-1
1319,157_9_101_1,-1,-1,37,-1.0,-1.0,-1.0,-1.0,-1.0,-1
1320,157_9_001_1,62,28,-1,-1.0,-1.0,-1.0,-1.0,-1.0,-1
1321,199_9_100_1,-1,-1,-1,-1.0,-1.0,-1.0,68.0,-1.0,61
1322,199_9_110_1,34,9,-1,-1.0,-1.0,-1.0,-1.0,-1.0,-1
1323,199_9_111_1,-1,-1,-1,33.0,-1.0,-1.0,-1.0,-1.0,-1
1324,199_9_101_1,-1,-1,-1,-1.0,17.0,-1.0,-1.0,-1.0,-1
1325,199_9_001_1,-1,-1,16,-1.0,-1.0,18.0,-1.0,14.0,-1
1326,189_9_100_0,-1,-1,-1,-1.0,-1.0,-1.0,-1.0,-1.0,-1
1327,189_9_110_0,-1,-1,-1,-1.0,-1.0,-1.0,-1.0,-1.0,-1
1328,189_9_111_0,-1,-1,-1,-1.0,-1.0,-1.0,-1.0,-1.0,-1
1329,189_9_101_0,-1,-1,-1,-1.0,-1.0,-1.0,-1.0,-1.0,-1
1330,189_9_001_0,-1,-1,-1,-1.0,-1.0,-1.0,-1.0,-1.0,-1
1331,73_6_100_0,-1,-1,-1,-1.0,-1.0,-1.0,-1.0,-1.0,-1
1332,73_6_110_0,-1,-1,-1,-1.0,-1.0,-1.0,-1.0,-1.0,-1
1333,73_6_111_0,-1,-1,-1,-1.0,-1.0,-1.0,-1.0,-1.0,-1
1334,73_6_101_0,-1,-1,-1,-1.0,-1.0,-1.0,-1.0,-1.0,-1
1335,73_6_001_0,-1,-1,-1,-1.0,-1.0,-1.0,-1.0,-1.0,-1
1336,178_11_100_0,-1,-1,-1,-1.0,-1.0,-1.0,-1.0,-1.0,-1
1337,178_11_110_0,-1,-1,-1,-1.0,-1.0,-1.0,-1.0,-1.0,-1
1338,178_11_111_0,-1,-1,-1,-1.0,-1.0,-1.0,-1.0,-1.0,-1
1339,178_11_101_0,-1,-1,-1,-1.0,-1.0,-1.0,-1.0,-1.0,-1
1340,178_11_001_0,-1,-1,-1,-1.0,-1.0,-1.0,-1.0,-1.0,-1
1341,132_3_100_0,-1,-1,-1,-1.0,-1.0,-1.0,-1.0,-1.0,-1
1342,132_3_110_0,-1,-1,-1,-1.0,-1.0,-1.0,-1.0,-1.0,-1
1343,132_3_111_0,-1,-1,-1,-1.0,-1.0,-1.0,-1.0,-1.0,-1
1344,132_3_101_0,-1,-1,-1,-1.0,-1.0,-1.0,-1.0,-1.0,-1
1345,132_3_001_0,-1,-1,-1,-1.0,-1.0,-1.0,-1.0,-1.0,-1
1346,141_14_100_0,-1,-1,-1,-1.0,-1.0,-1.0,-1.0,-1.0,-1
1347,141_14_110_0,-1,-1,-1,-1.0,-1.0,-1.0,-1.0,-1.0,-1
1348,141_14_111_0,-1,-1,-1,-1.0,-1.0,-1.0,-1.0,-1.0,-1
1349,141_14_101_0,-1,-1,-1,-1.0,-1.0,-1.0,-1.0,-1.0,-1
1350,141_14_001_0,-1,-1,-1,-1.0,-1.0,-1.0,-1.0,-1.0,-1
1351,9_1_100_0,-1,-1,-1,-1.0,-1.0,-1.0,-1.0,-1.0,-1
1352,9_1_110_0,-1,-1,-1,-1.0,-1.0,-1.0,-1.0,-1.0,-1
1353,9_1_111_0,-1,-1,-1,-1.0,-1.0,-1.0,-1.0,-1.0,-1
1354,9_1_101_0,-1,-1,-1,-1.0,-1.0,-1.0,-1.0,-1.0,-1
1355,9_1_001_0,-1,-1,-1,-1.0,-1.0,-1.0,-1.0,-1.0,-1
1356,10_15_100_0,-1,-1,-1,-1.0,-1.0,-1.0,-1.0,-1.0,-1
1357,10_15_110_0,-1,-1,-1,-1.0,-1.0,-1.0,-1.0,-1.0,-1
1358,10_15_111_0,-1,-1,-1,-1.0,-1.0,-1.0,-1.0,-1.0,-1
1359,10_15_101_0,-1,-1,-1,-1.0,-1.0,-1.0,-1.0,-1.0,-1
1360,10_15_001_0,-1,-1,-1,-1.0,-1.0,-1.0,-1.0,-1.0,-1
1361,43_11_100_0,-1,-1,-1,-1.0,-1.0,-1.0,-1.0,-1.0,-1
1362,43_11_110_0,-1,-1,-1,-1.0,-1.0,-1.0,-1.0,-1.0,-1
1363,43_11_111_0,-1,-1,-1,-1.0,-1.0,-1.0,-1.0,-1.0,-1
1364,43_11_101_0,-1,-1,-1,-1.0,-1.0,-1.0,-1.0,-1.0,-1
1365,43_11_001_0,-1,-1,-1,-1.0,-1.0,-1.0,-1.0,-1.0,-1
1366,255_10_100_0,-1,-1,-1,-1.0,-1.0,-1.0,-1.0,-1.0,-1
1367,255_10_110_0,-1,-1,-1,-1.0,-1.0,-1.0,-1.0,-1.0,-1
1368,255_10_111_0,-1,-1,-1,-1.0,-1.0,-1.0,-1.0,-1.0,-1
1369,255_10_101_0,-1,-1,-1,-1.0,-1.0,-1.0,-1.0,-1.0,-1
1370,255_10_001_0,-1,-1,-1,-1.0,-1.0,-1.0,-1.0,-1.0,-1
1371,215_13_100_0,-1,-1,-1,-1.0,-1.0,-1.0,-1.0,-1.0,-1
1372,215_13_110_0,-1,-1,-1,-1.0,-1.0,-1.0,-1.0,-1.0,-1
1373,215_13_111_0,-1,-1,-1,-1.0,-1.0,-1.0,-1.0,-1.0,-1
1374,215_13_101_0,-1,-1,-1,-1.0,-1.0,-1.0,-1.0,-1.0,-1
1375,215_13_001_0,-1,-1,-1,-1.0,-1.0,-1.0,-1.0,-1.0,-1
1376,200_4_100_0,-1,-1,-1,-1.0,-1.0,-1.0,-1.0,-1.0,-1
1377,200_4_110_0,-1,-1,-1,-1.0,-1.0,-1.0,-1.0,-1.0,-1
1378,200_4_111_0,-1,-1,-1,-1.0,-1.0,-1.0,-1.0,-1.0,-1
1379,200_4_101_0,-1,-1,-1,-1.0,-1.0,-1.0,-1.0,-1.0,-1
1380,200_4_001_0,-1,-1,-1,-1.0,-1.0,-1.0,-1.0,-1.0,-1
1381,162_6_100_0,-1,-1,-1,-1.0,-1.0,-1.0,-1.0,-1.0,-1
1382,162_6_110_0,-1,-1,-1,-1.0,-1.0,-1.0,-1.0,-1.0,-1
1383,162_6_111_0,-1,-1,-1,-1.0,-1.0,-1.0,-1.0,-1.0,-1
1384,162_6_101_0,-1,-1,-1,-1.0,-1.0,-1.0,-1.0,-1.0,-1
1385,162_6_001_0,-1,-1,-1,-1.0,-1.0,-1.0,-1.0,-1.0,-1
1386,133_3_100_0,-1,-1,-1,-1.0,-1.0,-1.0,-1.0,-1.0,-1
1387,133_3_110_0,-1,-1,-1,-1.0,-1.0,-1.0,-1.0,-1.0,-1
1388,133_3_111_0,-1,-1,-1,-1.0,-1.0,-1.0,-1.0,-1.0,-1
1389,133_3_101_0,-1,-1,-1,-1.0,-1.0,-1.0,-1.0,-1.0,-1
1390,133_3_001_0,-1,-1,-1,-1.0,-1.0,-1.0,-1.0,-1.0,-1
1391,165_10_100_1,72,-1,45,-1.0,-1.0,-1.0,-1.0,-1.0,-1
1392,165_10_110_1,-1,-1,-1,-1.0,-1.0,18.0,-1.0,89.0,-1
1393,165_10_111_0,-1,-1,-1,-1.0,-1.0,-1.0,-1.0,-1.0,-1
1394,165_10_101_1,-1,55,-1,91.0,-1.0,-1.0,3.0,-1.0,62
1395,165_10_001_1,-1,-1,-1,-1.0,43.0,-1.0,-1.0,-1.0,-1
1396,120_7_100_0,-1,-1,-1,-1.0,-1.0,-1.0,-1.0,-1.0,-1
1397,120_7_110_0,-1,-1,-1,-1.0,-1.0,-1.0,-1.0,-1.0,-1
1398,120_7_111_0,-1,-1,-1,-1.0,-1.0,-1.0,-1.0,-1.0,-1
1399,120_7_101_0,-1,-1,-1,-1.0,-1.0,-1.0,-1.0,-1.0,-1
1400,120_7_001_0,-1,-1,-1,-1.0,-1.0,-1.0,-1.0,-1.0,-1
1401,290_2_100_0,-1,-1,-1,-1.0,-1.0,-1.0,-1.0,-1.0,-1
1402,290_2_110_0,-1,-1,-1,-1.0,-1.0,-1.0,-1.0,-1.0,-1
1403,290_2_111_0,-1,-1,-1,-1.0,-1.0,-1.0,-1.0,-1.0,-1
1404,290_2_101_0,-1,-1,-1,-1.0,-1.0,-1.0,-1.0,-1.0,-1
1405,290_2_001_0,-1,-1,-1,-1.0,-1.0,-1.0,-1.0,-1.0,-1
1406,191_4_100_0,-1,-1,-1,-1.0,-1.0,-1.0,-1.0,-1.0,-1
1407,191_4_110_0,-1,-1,-1,-1.0,-1.0,-1.0,-1.0,-1.0,-1
1408,191_4_111_0,-1,-1,-1,-1.0,-1.0,-1.0,-1.0,-1.0,-1
1409,191_4_101_0,-1,-1,-1,-1.0,-1.0,-1.0,-1.0,-1.0,-1
1410,191_4_001_0,-1,-1,-1,-1.0,-1.0,-1.0,-1.0,-1.0,-1
1411,58_6_100_0,-1,-1,-1,-1.0,-1.0,-1.0,-1.0,-1.0,-1
1412,58_6_110_0,-1,-1,-1,-1.0,-1.0,-1.0,-1.0,-1.0,-1
1413,58_6_111_0,-1,-1,-1,-1.0,-1.0,-1.0,-1.0,-1.0,-1
1414,58_6_101_0,-1,-1,-1,-1.0,-1.0,-1.0,-1.0,-1.0,-1
1415,58_6_001_0,-1,-1,-1,-1.0,-1.0,-1.0,-1.0,-1.0,-1
1416,30_11_100_0,-1,-1,-1,-1.0,-1.0,-1.0,-1.0,-1.0,-1
1417,30_11_110_0,-1,-1,-1,-1.0,-1.0,-1.0,-1.0,-1.0,-1
1418,30_11_111_0,-1,-1,-1,-1.0,-1.0,-1.0,-1.0,-1.0,-1
1419,30_11_101_0,-1,-1,-1,-1.0,-1.0,-1.0,-1.0,-1.0,-1
1420,30_11_001_0,-1,-1,-1,-1.0,-1.0,-1.0,-1.0,-1.0,-1
1421,102_8_100_0,-1,-1,-1,-1.0,-1.0,-1.0,-1.0,-1.0,-1
1422,102_8_110_0,-1,-1,-1,-1.0,-1.0,-1.0,-1.0,-1.0,-1
1423,102_8_111_0,-1,-1,-1,-1.0,-1.0,-1.0,-1.0,-1.0,-1
1424,102_8_101_0,-1,-1,-1,-1.0,-1.0,-1.0,-1.0,-1.0,-1
1425,102_8_001_0,-1,-1,-1,-1.0,-1.0,-1.0,-1.0,-1.0,-1
1426,259_15_100_0,-1,-1,-1,-1.0,-1.0,-1.0,-1.0,-1.0,-1
1427,259_15_110_0,-1,-1,-1,-1.0,-1.0,-1.0,-1.0,-1.0,-1
1428,259_15_111_0,-1,-1,-1,-1.0,-1.0,-1.0,-1.0,-1.0,-1
1429,259_15_101_0,-1,-1,-1,-1.0,-1.0,-1.0,-1.0,-1.0,-1
1430,259_15_001_0,-1,-1,-1,-1.0,-1.0,-1.0,-1.0,-1.0,-1
1431,256_1_100_1,-1,-1,-1,-1.0,-1.0,-1.0,-1.0,78.0,-1
1432,256_1_110_1,-1,-1,-1,67.0,-1.0,-1.0,52.0,-1.0,58
1433,256_1_111_1,-1,-1,-1,-1.0,64.0,50.0,-1.0,-1.0,-1
1434,256_1_101_1,-1,-1,50,-1.0,-1.0,-1.0,-1.0,-1.0,-1
1435,256_1_001_1,54,80,-1,-1.0,-1.0,-1.0,-1.0,-1.0,-1
1436,164_3_100_0,-1,-1,-1,-1.0,-1.0,-1.0,-1.0,-1.0,-1
1437,164_3_110_0,-1,-1,-1,-1.0,-1.0,-1.0,-1.0,-1.0,-1
1438,164_3_111_0,-1,-1,-1,-1.0,-1.0,-1.0,-1.0,-1.0,-1
1439,164_3_101_0,-1,-1,-1,-1.0,-1.0,-1.0,-1.0,-1.0,-1
1440,164_3_001_0,-1,-1,-1,-1.0,-1.0,-1.0,-1.0,-1.0,-1
1441,188_12_100_0,-1,-1,-1,-1.0,-1.0,-1.0,-1.0,-1.0,-1
1442,188_12_110_0,-1,-1,-1,-1.0,-1.0,-1.0,-1.0,-1.0,-1
1443,188_12_111_0,-1,-1,-1,-1.0,-1.0,-1.0,-1.0,-1.0,-1
1444,188_12_101_0,-1,-1,-1,-1.0,-1.0,-1.0,-1.0,-1.0,-1
1445,188_12_001_0,-1,-1,-1,-1.0,-1.0,-1.0,-1.0,-1.0,-1
1446,35_10_100_0,-1,-1,-1,-1.0,-1.0,-1.0,-1.0,-1.0,-1
1447,35_10_110_0,-1,-1,-1,-1.0,-1.0,-1.0,-1.0,-1.0,-1
1448,35_10_111_0,-1,-1,-1,-1.0,-1.0,-1.0,-1.0,-1.0,-1
1449,35_10_101_0,-1,-1,-1,-1.0,-1.0,-1.0,-1.0,-1.0,-1
1450,35_10_001_0,-1,-1,-1,-1.0,-1.0,-1.0,-1.0,-1.0,-1
1451,218_10_100_0,-1,-1,-1,-1.0,-1.0,-1.0,-1.0,-1.0,-1
1452,218_10_110_0,-1,-1,-1,-1.0,-1.0,-1.0,-1.0,-1.0,-1
1453,218_10_111_0,-1,-1,-1,-1.0,-1.0,-1.0,-1.0,-1.0,-1
1454,218_10_101_0,-1,-1,-1,-1.0,-1.0,-1.0,-1.0,-1.0,-1
1455,218_10_001_0,-1,-1,-1,-1.0,-1.0,-1.0,-1.0,-1.0,-1
1456,68_3_100_0,-1,-1,-1,-1.0,-1.0,-1.0,-1.0,-1.0,-1
1457,68_3_110_0,-1,-1,-1,-1.0,-1.0,-1.0,-1.0,-1.0,-1
1458,68_3_111_0,-1,-1,-1,-1.0,-1.0,-1.0,-1.0,-1.0,-1
1459,68_3_101_0,-1,-1,-1,-1.0,-1.0,-1.0,-1.0,-1.0,-1
1460,68_3_001_0,-1,-1,-1,-1.0,-1.0,-1.0,-1.0,-1.0,-1
1461,85_6_100_0,-1,-1,-1,-1.0,-1.0,-1.0,-1.0,-1.0,-1
1462,85_6_110_0,-1,-1,-1,-1.0,-1.0,-1.0,-1.0,-1.0,-1
1463,85_6_111_0,-1,-1,-1,-1.0,-1.0,-1.0,-1.0,-1.0,-1
1464,85_6_101_0,-1,-1,-1,-1.0,-1.0,-1.0,-1.0,-1.0,-1
1465,85_6_001_0,-1,-1,-1,-1.0,-1.0,-1.0,-1.0,-1.0,-1
1466,25_13_100_0,-1,-1,-1,-1.0,-1.0,-1.0,-1.0,-1.0,-1
1467,25_13_110_0,-1,-1,-1,-1.0,-1.0,-1.0,-1.0,-1.0,-1
1468,25_13_111_0,-1,-1,-1,-1.0,-1.0,-1.0,-1.0,-1.0,-1
1469,25_13_101_0,-1,-1,-1,-1.0,-1.0,-1.0,-1.0,-1.0,-1
1470,25_13_001_0,-1,-1,-1,-1.0,-1.0,-1.0,-1.0,-1.0,-1
1471,31_14_100_0,-1,-1,-1,-1.0,-1.0,-1.0,-1.0,-1.0,-1
1472,31_14_110_0,-1,-1,-1,-1.0,-1.0,-1.0,-1.0,-1.0,-1
1473,31_14_111_0,-1,-1,-1,-1.0,-1.0,-1.0,-1.0,-1.0,-1
1474,31_14_101_0,-1,-1,-1,-1.0,-1.0,-1.0,-1.0,-1.0,-1
1475,31_14_001_0,-1,-1,-1,-1.0,-1.0,-1.0,-1.0,-1.0,-1
1476,60_3_100_0,-1,-1,-1,-1.0,-1.0,-1.0,-1.0,-1.0,-1
1477,60_3_110_0,-1,-1,-1,-1.0,-1.0,-1.0,-1.0,-1.0,-1
1478,60_3_111_0,-1,-1,-1,-1.0,-1.0,-1.0,-1.0,-1.0,-1
1479,60_3_101_0,-1,-1,-1,-1.0,-1.0,-1.0,-1.0,-1.0,-1
1480,60_3_001_0,-1,-1,-1,-1.0,-1.0,-1.0,-1.0,-1.0,-1
1481,246_14_100_0,-1,-1,-1,-1.0,-1.0,-1.0,-1.0,-1.0,-1
1482,246_14_110_0,-1,-1,-1,-1.0,-1.0,-1.0,-1.0,-1.0,-1
1483,246_14_111_0,-1,-1,-1,-1.0,-1.0,-1.0,-1.0,-1.0,-1
1484,246_14_101_0,-1,-1,-1,-1.0,-1.0,-1.0,-1.0,-1.0,-1
1485,246_14_001_0,-1,-1,-1,-1.0,-1.0,-1.0,-1.0,-1.0,-1
1486,114_12_100_0,-1,-1,-1,-1.0,-1.0,-1.0,-1.0,-1.0,-1
1487,114_12_110_0,-1,-1,-1,-1.0,-1.0,-1.0,-1.0,-1.0,-1
1488,114_12_111_0,-1,-1,-1,-1.0,-1.0,-1.0,-1.0,-1.0,-1
1489,114_12_101_0,-1,-1,-1,-1.0,-1.0,-1.0,-1.0,-1.0,-1
1490,114_12_001_0,-1,-1,-1,-1.0,-1.0,-1.0,-1.0,-1.0,-1
1491,117_9_100_0,-1,-1,-1,-1.0,-1.0,-1.0,-1.0,-1.0,-1
1492,117_9_110_0,-1,-1,-1,-1.0,-1.0,-1.0,-1.0,-1.0,-1
1493,117_9_111_0,-1,-1,-1,-1.0,-1.0,-1.0,-1.0,-1.0,-1
1494,117_9_101_0,-1,-1,-1,-1.0,-1.0,-1.0,-1.0,-1.0,-1
1495,117_9_001_0,-1,-1,-1,-1.0,-1.0,-1.0,-1.0,-1.0,-1
1496,97_6_100_0,-1,-1,-1,-1.0,-1.0,-1.0,-1.0,-1.0,-1
1497,97_6_110_0,-1,-1,-1,-1.0,-1.0,-1.0,-1.0,-1.0,-1
1498,97_6_111_0,-1,-1,-1,-1.0,-1.0,-1.0,-1.0,-1.0,-1
1499,97_6_101_0,-1,-1,-1,-1.0,-1.0,-1.0,-1.0,-1.0,-1
1500,97_6_001_0,-1,-1,-1,-1.0,-1.0,-1.0,-1.0,-1.0,-1
